Workbook
Name 상품종류: Data_Input!$I$2:$I$5

Sheet Data_Input
A1: 구분 | C1: 계좌번호 | E1: 납입일
A2: =I2 -> 연금저축 | H2: 상품종류 | I2: 연금저축
A3: =I3 -> IRP | C3: 204-03-53***8 | E3: 15 | I3: IRP
A4: =I4 -> 연금저축_거치 | I4: 연금저축_거치
A5: 고객명 | C5: 김명화
A7: 상품옵션 | B7: IRP | C7: IRP | D7: IRP
A8: 조회일자 | B8: 46064 | C8: 46023 | D8: 45992
A9: 월 납입액 | B9: 300000 | C9: 300000
A10: 납입원금 | B10: 80000000 | C10: 80000000
A11: 1 | B11: 플랜번호 | C11: 플랜번호 | D11: 플랜번호
A12: 2 | B12: S0124210712831 | C12: S0124210712831 | D12: S0124210712831
A13: 3 | B13: 플랜명 | C13: 플랜명 | D13: 플랜명
A14: 4 | B14: 김명화_개인IRP | C14: 김명화_개인IRP | D14: 김명화_개인IRP
A15: 5 | B15: 평가금액 | C15: 평가금액 | D15: 평가금액
A16: 6 | B16: 122628271 | C16: 117707779 | D16: 116370580
A17: 7 | B17: 평가손익 | C17: 평가손익 | D17: 평가손익
A18: 8 | B18: 26500109 | C18: 21829617 | D18: 20742418
A19: 9 | B19: 누적수익률 | C19: 누적수익률 | D19: 누적수익률
A20: 10 | B20: 46.78 | C20: 38.92 | D20: 37.24
A21: 11 | B21: 상품유형 | C21: 상품유형 | D21: 상품유형
A22: 12 | B22: 상품명 | C22: 상품명 | D22: 상품명
A23: 13 | B23: 수량 | C23: 수량 | D23: 수량
A24: 14 | B24: 기준가(이율) | C24: 기준가(이율) | D24: 기준가(이율)
A25: 15 | B25: 평가금액 | C25: 평가금액 | D25: 평가금액
A26: 16 | B26: 매입금액 | C26: 매입금액 | D26: 매입금액
A27: 17 | B27: 총 입금액 | C27: 총 입금액 | D27: 총 입금액
A28: 18 | B28: 총 출금액 | C28: 총 출금액 | D28: 총 출금액
A29: 19 | B29: 증거금액(수량) | C29: 증거금액(수량) | D29: 증거금액(수량)
A30: 20 | B30: 매수일자 | C30: 매수일자 | D30: 매수일자
A31: 21 | B31: 만기일 | C31: 만기일 | D31: 만기일
A32: 22 | B32: 수익률 | C32: 수익률 | D32: 수익률
... A34: 24 | B34: 미래에셋인도중소형포커스증권자투자신탁1호(주식)C-P2e | C34: 미래에셋인도중소형포커스증권자투자신탁1호(주식)C-P2e | D34: 미래에셋인도중소형포커스증권자투자신탁1호(주식)C-P2e
A35: 25 | B35: 1743983 | C35: 1743983 | D35: 1743983
A36: 26 | B36: 3092.24 | C36: 3107.13 | D36: 3248.72
A37: 27 | B37: 5392814 | C37: 5418782 | D37: 5665713
A38: 28 | B38: 5570000 | C38: 5570000 | D38: 5570000
A39: 29 | B39: 5570000 | C39: 5570000 | D39: 5570000
A40: 30 | B40: 0 | C40: 0 | D40: 0
A41: 31 | B41: 0 | C41: 0 | D41: 0
A42: 32 | B42: - | C42: - | D42: -
A43: 33 | B43: - | C43: - | D43: -
A44: 34 | B44: -3.181 | C44: -2.715 | D44: 1.718
A45: 35 | B45: 수익증권 | C45: 수익증권 | D45: 수익증권
A46: 36 | B46: 마이다스책임투자증권투자신탁(주식)C-Pe2 | C46: 마이다스책임투자증권투자신탁(주식)C-Pe2 | D46: 마이다스책임투자증권투자신탁(주식)C-Pe2
A47: 37 | B47: 4017661 | C47: 7627192 | D47: 7627192
A48: 38 | B48: 3290.15 | C48: 2649.32 | D48: 2471.58
A49: 39 | B49: 13218710 | C49: 20206876 | D49: 18851220
A50: 40 | B50: 5647761 | C50: 11110352 | D50: 11110352
A51: 41 | B51: 13051372 | C51: 13051372 | D51: 13051372
A52: 42 | B52: 14041194 | C52: 2981193 | D52: 2981193
A53: 43 | B53: 0 | C53: 0 | D53: 0
A54: 44 | B54: - | C54: - | D54: -
A55: 45 | B55: - | C55: - | D55: -
A56: 46 | B56: 134.052 | C56: 81.874 | D56: 69.673
A57: 47 | B57: 수익증권 | C57: 수익증권 | D57: 수익증권
A58: 48 | B58: AB미국그로스증권투자신탁(주식-재간접형)Ce-P2 | C58: AB미국그로스증권투자신탁(주식-재간접형)Ce-P2 | D58: AB미국그로스증권투자신탁(주식-재간접형)Ce-P2
A59: 49 | B59: 6310605 | C59: 7852261 | D59: 7852261
A60: 50 | B60: 2844.5 | C60: 2932.42 | D60: 2942.86
A61: 51 | B61: 17950518 | C61: 23026130 | D61: 23108108
A62: 52 | B62: 15337523 | C62: 18090735 | D62: 18090735
A63: 53 | B63: 36715755 | C63: 36715755 | D63: 36715755
A64: 54 | B64: 24659463 | C64: 20189462 | D64: 20189462
A65: 55 | B65: 0 | C65: 0 | D65: 0
A66: 56 | B66: - | C66: - | D66: -
A67: 57 | B67: - | C67: - | D67: -
A68: 58 | B68: 17.037 | C68: 27.281 | D68: 27.734
A69: 59 | B69: 수익증권 | C69: 수익증권 | D69: 수익증권
A70: 60 | B70: 한국투자연금베트남증권자투자신탁(주식혼합)C-Re | C70: 한국투자연금베트남증권자투자신탁(주식혼합)C-Re | D70: 한국투자연금베트남증권자투자신탁(주식혼합)C-Re
A71: 61 | B71: 10546825 | C71: 10546825 | D71: 8790361
A72: 62 | B72: 1040.32 | C72: 1016.58 | D72: 1179.35
A73: 63 | B73: 10972074 | C73: 10721693 | D73: 10366913
A74: 64 | B74: 10250000 | C74: 10250000 | D74: 10250000
A75: 65 | B75: 10250000 | C75: 10250000 | D75: 10250000
A76: 66 | B76: 0 | C76: 0 | D76: 0
A77: 67 | B77: 0 | C77: 0 | D77: 0
A78: 68 | B78: - | C78: - | D78: -
A79: 69 | B79: - | C79: - | D79: -
A80: 70 | B80: 7.045 | C80: 4.602 | D80: 1.141
A81: 71 | B81: 수익증권 | C81: 수익증권 | D81: 수익증권
A82: 72 | B82: 우리하이플러스채권증권자투자신탁1호(채권)C-Pe | C82: 우리하이플러스채권증권자투자신탁1호(채권)C-Pe | D82: 우리하이플러스채권증권자투자신탁1호(채권)C-Pe
A83: 73 | B83: 25866799 | C83: 14191487 | D83: 14191487
A84: 74 | B84: 1044.09 | C84: 1043.73 | D84: 1040.3
A85: 75 | B85: 27007269 | C85: 14812084 | D85: 14763406
A86: 76 | B86: 25060000 | C86: 12860000 | D86: 12860000
A87: 77 | B87: 25585000 | C87: 13385000 | D87: 13385000
A88: 78 | B88: 525814 | C88: 525814 | D88: 525814
A89: 79 | B89: 0 | C89: 0 | D89: 0
A90: 80 | B90: - | C90: - | D90: -
A91: 81 | B91: - | C91: - | D91: -
A92: 82 | B92: 7.77 | C92: 15.18 | D92: 14.801
A93: 83 | B93: 수익증권 | C93: 수익증권 | D93: 수익증권
A94: 84 | B94: 한국투자글로벌AI&반도체TOP10증권자투자신탁UH(주식)C-Re | C94: 한국투자글로벌AI&반도체TOP10증권자투자신탁UH(주식)C-Re | D94: 한국투자글로벌AI&반도체TOP10증권자투자신탁UH(주식)C-Re
A95: 85 | B95: 7932805 | C95: 7932805 | D95: 7932805
A96: 86 | B96: 2986.92 | C96: 2817.08 | D96: 2837.16
A97: 87 | B97: 23694654 | C97: 22347347 | D97: 22506638
A98: 88 | B98: 22780000 | C98: 22780000 | D98: 22780000
A99: 89 | B99: 22780000 | C99: 22780000 | D99: 22780000
A100: 90 | B100: 0 | C100: 0 | D100: 0
A101: 91 | B101: 0 | C101: 0 | D101: 0
A102: 92 | B102: - | C102: - | D102: -
...

Sheet DB_연금저축_History
A3: DB_연금저축_HISTORY | E3: 상품종류 : | F3: 연금저축
A5: NO. | B5: 조회일 | C5: 계좌번호 | D5: 납입원금 | E5: 월 납입액 | F5: 예수금 | G5: 총자산 | H5: 매입금액 | I5: 평가금액 | J5: 평가손익 | K5: 총수익률 | L5: 상품유형 | M5: 상품명 | N5: 종목코드 | O5: 잔고수량 | P5: 매입가 | Q5: 현재가 | R5: 평가금액 | S5: 평가손익 | T5: 수익률 | U5: 만기일 | V5: 상품유형 | W5: 상품명 | X5: 종목코드 | Y5: 잔고수량 | Z5: 매입가 | AA5: 현재가 | AB5: 평가금액 | AC5: 평가손익 | AD5: 수익률 | AE5: 만기일 | AF5: 상품유형 | AG5: 상품명 | AH5: 종목코드 | AI5: 잔고수량 | AJ5: 매입가 | AK5: 현재가 | AL5: 평가금액 | AM5: 평가손익 | AN5: 수익률 | AO5: 만기일 | AP5: 상품유형 | AQ5: 상품명 | AR5: 종목코드 | AS5: 잔고수량 | AT5: 매입가 | AU5: 현재가 | AV5: 평가금액 | AW5: 평가손익 | AX5: 수익률 | AY5: 만기일 | AZ5: 상품유형 | BA5: 상품명 | BB5: 종목코드 | BC5: 잔고수량 | BD5: 매입가 | BE5: 현재가 | BF5: 평가금액 | BG5: 평가손익 | BH5: 수익률 | BI5: 만기일 | BJ5: 상품유형 | BK5: 상품명 | BL5: 종목코드 | BM5: 잔고수량 | BN5: 매입가 | BO5: 현재가 | BP5: 평가금액 | BQ5: 평가손익 | BR5: 수익률 | BS5: 만기일 | BT5: 상품유형 | BU5: 상품명 | BV5: 종목코드 | BW5: 잔고수량 | BX5: 매입가 | BY5: 현재가 | BZ5: 평가금액 | CA5: 평가손익 | CB5: 수익률 | CC5: 만기일 | CD5: 상품유형 | CE5: 상품명 | CF5: 종목코드 | CG5: 잔고수량 | CH5: 매입가 | CI5: 현재가 | CJ5: 평가금액 | CK5: 평가손익 | CL5: 수익률 | CM5: 만기일 | CN5: 상품유형 | CO5: 상품명 | CP5: 종목코드 | CQ5: 잔고수량 | CR5: 매입가 | CS5: 현재가 | CT5: 평가금액 | CU5: 평가손익 | CV5: 수익률 | CW5: 만기일 | CX5: 상품유형 | CY5: 상품명 | CZ5: 종목코드 | DA5: 잔고수량 | DB5: 매입가 | DC5: 현재가 | DD5: 평가금액 | DE5: 평가손익 | DF5: 수익률 | DG5: 만기일 | DH5: 상품유형 | DI5: 상품명 | DJ5: 종목코드 | DK5: 잔고수량 | DL5: 매입가 | DM5: 현재가 | DN5: 평가금액 | DO5: 평가손익 | DP5: 수익률 | DQ5: 만기일 | DR5: 상품유형 | DS5: 상품명 | DT5: 종목코드 | DU5: 잔고수량 | DV5: 매입가 | DW5: 현재가 | DX5: 평가금액 | DY5: 평가손익 | DZ5: 수익률 | EA5: 만기일 | EB5: 상품유형 | EC5: 상품명 | ED5: 종목코드 | EE5: 잔고수량 | EF5: 매입가 | EG5: 현재가 | EH5: 평가금액 | EI5: 평가손익 | EJ5: 수익률 | EK5: 만기일 | EL5: 상품유형 | EM5: 상품명 | EN5: 종목코드 | EO5: 잔고수량 | EP5: 매입가 | EQ5: 현재가 | ER5: 평가금액 | ES5: 평가손익 | ET5: 수익률 | EU5: 만기일 | EV5: 상품유형 | EW5: 상품명 | EX5: 종목코드 | EY5: 잔고수량 | EZ5: 매입가 | FA5: 현재가 | FB5: 평가금액 | FC5: 평가손익 | FD5: 수익률 | FE5: 만기일 | FF5: 상품유형 | FG5: 상품명 | FH5: 종목코드 | FI5: 잔고수량 | FJ5: 매입가 | FK5: 현재가 | FL5: 평가금액 | FM5: 평가손익 | FN5: 수익률 | FO5: 만기일
A6: 1 | B6: {=IFERROR(_xlfn._xlws.SORT(_xlfn.TOCOL(_xlfn.UNIQUE(_xlfn._xlws.FILTER(Data_Input!$B$8:$ZZ$8,Data_Input!$B$7:$ZZ$7=$F$3))),1,1),"")} | C6: =IF(B6>0,IF($F$3=Data_Input!$I$2,Data_Input!$C$2, IF($F$3=Data_Input!$I$3,Data_Input!$C$3,IF($F$3=Data_Input!$I$4,Data_Input!$C$4,""))),"") -> 0 | D6: {=IFERROR(INDEX(Data_Input!$10:$10,MATCH(1,(Data_Input!$7:$7=$F$3)*(Data_Input!$8:$8=$B6),0)),"")} | E6: {=IFERROR(INDEX(Data_Input!$1:$100, 9, MATCH(1, (Data_Input!$7:$7=$F$3) * (Data_Input!$8:$8=$B6), 0)),"")} | F6: {=IFERROR(INDEX(Data_Input!$A$1:$ZZ$502, MATCH("예수금", INDEX(Data_Input!$A$1:$ZZ$502, 0, MATCH(1, (Data_Input!$7:$7=$F$3)*(Data_Input!$8:$8=$B6), 0)), 0) + 1, MATCH(1, (Data_Input!$7:$7=$F$3)*(Data_Input!$8:$8=$B6), 0)),"")} | G6: {=IFERROR(INDEX(Data_Input!$A$1:$ZZ$502, MATCH("총자산", INDEX(Data_Input!$A$1:$ZZ$502, 0, MATCH(1, (Data_Input!$7:$7=$F$3)*(Data_Input!$8:$8=$B6), 0)), 0) + 1, MATCH(1, (Data_Input!$7:$7=$F$3)*(Data_Input!$8:$8=$B6), 0)),"")} | H6: {=IFERROR(INDEX(Data_Input!$A$1:$ZZ$502, MATCH("매입금액", INDEX(Data_Input!$A$1:$ZZ$502, 0, MATCH(1, (Data_Input!$7:$7=$F$3)*(Data_Input!$8:$8=$B6), 0)), 0) + 1, MATCH(1, (Data_Input!$7:$7=$F$3)*(Data_Input!$8:$8=$B6), 0)),"")} | I6: {=IFERROR(INDEX(Data_Input!$A$1:$ZZ$502, MATCH("평가금액", INDEX(Data_Input!$A$1:$ZZ$502, 0, MATCH(1, (Data_Input!$7:$7=$F$3)*(Data_Input!$8:$8=$B6), 0)), 0) + 1, MATCH(1, (Data_Input!$7:$7=$F$3)*(Data_Input!$8:$8=$B6), 0)),"")} | J6: {=IFERROR(INDEX(Data_Input!$A$1:$ZZ$502, MATCH("평가손익", INDEX(Data_Input!$A$1:$ZZ$502, 0, MATCH(1, (Data_Input!$7:$7=$F$3)*(Data_Input!$8:$8=$B6), 0)), 0) + 1, MATCH(1, (Data_Input!$7:$7=$F$3)*(Data_Input!$8:$8=$B6), 0)),"")} | K6: {=IFERROR(INDEX(Data_Input!$A$1:$ZZ$502, MATCH("총수익률", INDEX(Data_Input!$A$1:$ZZ$502, 0, MATCH(1, (Data_Input!$7:$7=$F$3)*(Data_Input!$8:$8=$B6), 0)), 0) + 1, MATCH(1, (Data_Input!$7:$7=$F$3)*(Data_Input!$8:$8=$B6), 0)),"")} | L6: {=IFERROR(_xlfn.LET( _xlpm.targetDate, B6, _xlpm.colIdx, MATCH(1, (Data_Input!$7:$7=$F$3) * (Data_Input!$8:$8=_xlpm.targetDate), 0), _xlpm.allData, INDEX(Data_Input!$1:$1002, 34, _xlpm.colIdx):INDEX(Data_Input!$1:$1002, 1000, _xlpm.colIdx), _xlpm.markedData, _xlfn.MAP(_xlfn.SEQUENCE(ROWS(_xlpm.allData)), _xlfn.LAMBDA(_xlpm.r, _xlfn.LET( _xlpm.checkRange, INDEX(_xlpm.allData, MAX(1, _xlpm.r-3)):INDEX(_xlpm.allData, _xlpm.r), _xlpm.isSubtotalInBlock, OR(_xlfn.MAP(_xlpm.checkRange, _xlfn.LAMBDA(_xlpm.v, ISNUMBER(SEARCH("소계", _xlpm.v))))), IF(_xlpm.isSubtotalInBlock, "SKIP", INDEX(_xlpm.allData, _xlpm.r)) ) )), _xlpm.validData, _xlfn._xlws.FILTER(_xlpm.markedData, (_xlpm.markedData <> "SKIP") * (_xlpm.markedData <> "")), _xlfn.TOROW(_xlpm.validData) ),"")}
A7: =IF(B7>0,A6+1,"") | C7: =IF(B7>0,C6,"") | D7: {=IFERROR(INDEX(Data_Input!$10:$10,MATCH(1,(Data_Input!$7:$7=$F$3)*(Data_Input!$8:$8=$B7),0)),"")} | E7: {=IFERROR(INDEX(Data_Input!$1:$100, 9, MATCH(1, (Data_Input!$7:$7=$F$3) * (Data_Input!$8:$8=$B7), 0)),"")} | F7: {=IFERROR(INDEX(Data_Input!$A$1:$ZZ$502, MATCH("예수금", INDEX(Data_Input!$A$1:$ZZ$502, 0, MATCH(1, (Data_Input!$7:$7=$F$3)*(Data_Input!$8:$8=$B7), 0)), 0) + 1, MATCH(1, (Data_Input!$7:$7=$F$3)*(Data_Input!$8:$8=$B7), 0)),"")} | G7: {=IFERROR(INDEX(Data_Input!$A$1:$ZZ$502, MATCH("총자산", INDEX(Data_Input!$A$1:$ZZ$502, 0, MATCH(1, (Data_Input!$7:$7=$F$3)*(Data_Input!$8:$8=$B7), 0)), 0) + 1, MATCH(1, (Data_Input!$7:$7=$F$3)*(Data_Input!$8:$8=$B7), 0)),"")} | H7: {=IFERROR(INDEX(Data_Input!$A$1:$ZZ$502, MATCH("매입금액", INDEX(Data_Input!$A$1:$ZZ$502, 0, MATCH(1, (Data_Input!$7:$7=$F$3)*(Data_Input!$8:$8=$B7), 0)), 0) + 1, MATCH(1, (Data_Input!$7:$7=$F$3)*(Data_Input!$8:$8=$B7), 0)),"")} | I7: {=IFERROR(INDEX(Data_Input!$A$1:$ZZ$502, MATCH("평가금액", INDEX(Data_Input!$A$1:$ZZ$502, 0, MATCH(1, (Data_Input!$7:$7=$F$3)*(Data_Input!$8:$8=$B7), 0)), 0) + 1, MATCH(1, (Data_Input!$7:$7=$F$3)*(Data_Input!$8:$8=$B7), 0)),"")} | J7: {=IFERROR(INDEX(Data_Input!$A$1:$ZZ$502, MATCH("평가손익", INDEX(Data_Input!$A$1:$ZZ$502, 0, MATCH(1, (Data_Input!$7:$7=$F$3)*(Data_Input!$8:$8=$B7), 0)), 0) + 1, MATCH(1, (Data_Input!$7:$7=$F$3)*(Data_Input!$8:$8=$B7), 0)),"")} | K7: {=IFERROR(INDEX(Data_Input!$A$1:$ZZ$502, MATCH("총수익률", INDEX(Data_Input!$A$1:$ZZ$502, 0, MATCH(1, (Data_Input!$7:$7=$F$3)*(Data_Input!$8:$8=$B7), 0)), 0) + 1, MATCH(1, (Data_Input!$7:$7=$F$3)*(Data_Input!$8:$8=$B7), 0)),"")} | L7: {=IFERROR(_xlfn.LET( _xlpm.targetDate, B7, _xlpm.colIdx, MATCH(1, (Data_Input!$7:$7=$F$3) * (Data_Input!$8:$8=_xlpm.targetDate), 0), _xlpm.allData, INDEX(Data_Input!$1:$1002, 34, _xlpm.colIdx):INDEX(Data_Input!$1:$1002, 1000, _xlpm.colIdx), _xlpm.markedData, _xlfn.MAP(_xlfn.SEQUENCE(ROWS(_xlpm.allData)), _xlfn.LAMBDA(_xlpm.r, _xlfn.LET( _xlpm.checkRange, INDEX(_xlpm.allData, MAX(1, _xlpm.r-3)):INDEX(_xlpm.allData, _xlpm.r), _xlpm.isSubtotalInBlock, OR(_xlfn.MAP(_xlpm.checkRange, _xlfn.LAMBDA(_xlpm.v, ISNUMBER(SEARCH("소계", _xlpm.v))))), IF(_xlpm.isSubtotalInBlock, "SKIP", INDEX(_xlpm.allData, _xlpm.r)) ) )), _xlpm.validData, _xlfn._xlws.FILTER(_xlpm.markedData, (_xlpm.markedData <> "SKIP") * (_xlpm.markedData <> "")), _xlfn.TOROW(_xlpm.validData) ),"")}
A8: =IF(B8>0,A7+1,"") | C8: =IF(B8>0,C7,"") | D8: {=IFERROR(INDEX(Data_Input!$10:$10,MATCH(1,(Data_Input!$7:$7=$F$3)*(Data_Input!$8:$8=$B8),0)),"")} | E8: {=IFERROR(INDEX(Data_Input!$1:$100, 9, MATCH(1, (Data_Input!$7:$7=$F$3) * (Data_Input!$8:$8=$B8), 0)),"")} | F8: {=IFERROR(INDEX(Data_Input!$A$1:$ZZ$502, MATCH("예수금", INDEX(Data_Input!$A$1:$ZZ$502, 0, MATCH(1, (Data_Input!$7:$7=$F$3)*(Data_Input!$8:$8=$B8), 0)), 0) + 1, MATCH(1, (Data_Input!$7:$7=$F$3)*(Data_Input!$8:$8=$B8), 0)),"")} | G8: {=IFERROR(INDEX(Data_Input!$A$1:$ZZ$502, MATCH("총자산", INDEX(Data_Input!$A$1:$ZZ$502, 0, MATCH(1, (Data_Input!$7:$7=$F$3)*(Data_Input!$8:$8=$B8), 0)), 0) + 1, MATCH(1, (Data_Input!$7:$7=$F$3)*(Data_Input!$8:$8=$B8), 0)),"")} | H8: {=IFERROR(INDEX(Data_Input!$A$1:$ZZ$502, MATCH("매입금액", INDEX(Data_Input!$A$1:$ZZ$502, 0, MATCH(1, (Data_Input!$7:$7=$F$3)*(Data_Input!$8:$8=$B8), 0)), 0) + 1, MATCH(1, (Data_Input!$7:$7=$F$3)*(Data_Input!$8:$8=$B8), 0)),"")} | I8: {=IFERROR(INDEX(Data_Input!$A$1:$ZZ$502, MATCH("평가금액", INDEX(Data_Input!$A$1:$ZZ$502, 0, MATCH(1, (Data_Input!$7:$7=$F$3)*(Data_Input!$8:$8=$B8), 0)), 0) + 1, MATCH(1, (Data_Input!$7:$7=$F$3)*(Data_Input!$8:$8=$B8), 0)),"")} | J8: {=IFERROR(INDEX(Data_Input!$A$1:$ZZ$502, MATCH("평가손익", INDEX(Data_Input!$A$1:$ZZ$502, 0, MATCH(1, (Data_Input!$7:$7=$F$3)*(Data_Input!$8:$8=$B8), 0)), 0) + 1, MATCH(1, (Data_Input!$7:$7=$F$3)*(Data_Input!$8:$8=$B8), 0)),"")} | K8: {=IFERROR(INDEX(Data_Input!$A$1:$ZZ$502, MATCH("총수익률", INDEX(Data_Input!$A$1:$ZZ$502, 0, MATCH(1, (Data_Input!$7:$7=$F$3)*(Data_Input!$8:$8=$B8), 0)), 0) + 1, MATCH(1, (Data_Input!$7:$7=$F$3)*(Data_Input!$8:$8=$B8), 0)),"")} | L8: {=IFERROR(_xlfn.LET( _xlpm.targetDate, B8, _xlpm.colIdx, MATCH(1, (Data_Input!$7:$7=$F$3) * (Data_Input!$8:$8=_xlpm.targetDate), 0), _xlpm.allData, INDEX(Data_Input!$1:$1002, 34, _xlpm.colIdx):INDEX(Data_Input!$1:$1002, 1000, _xlpm.colIdx), _xlpm.markedData, _xlfn.MAP(_xlfn.SEQUENCE(ROWS(_xlpm.allData)), _xlfn.LAMBDA(_xlpm.r, _xlfn.LET( _xlpm.checkRange, INDEX(_xlpm.allData, MAX(1, _xlpm.r-3)):INDEX(_xlpm.allData, _xlpm.r), _xlpm.isSubtotalInBlock, OR(_xlfn.MAP(_xlpm.checkRange, _xlfn.LAMBDA(_xlpm.v, ISNUMBER(SEARCH("소계", _xlpm.v))))), IF(_xlpm.isSubtotalInBlock, "SKIP", INDEX(_xlpm.allData, _xlpm.r)) ) )), _xlpm.validData, _xlfn._xlws.FILTER(_xlpm.markedData, (_xlpm.markedData <> "SKIP") * (_xlpm.markedData <> "")), _xlfn.TOROW(_xlpm.validData) ),"")}
A9: =IF(B9>0,A8+1,"") | C9: =IF(B9>0,C8,"") | D9: {=IFERROR(INDEX(Data_Input!$10:$10,MATCH(1,(Data_Input!$7:$7=$F$3)*(Data_Input!$8:$8=$B9),0)),"")} | E9: {=IFERROR(INDEX(Data_Input!$1:$100, 9, MATCH(1, (Data_Input!$7:$7=$F$3) * (Data_Input!$8:$8=$B9), 0)),"")} | F9: {=IFERROR(INDEX(Data_Input!$A$1:$ZZ$502, MATCH("예수금", INDEX(Data_Input!$A$1:$ZZ$502, 0, MATCH(1, (Data_Input!$7:$7=$F$3)*(Data_Input!$8:$8=$B9), 0)), 0) + 1, MATCH(1, (Data_Input!$7:$7=$F$3)*(Data_Input!$8:$8=$B9), 0)),"")} | G9: {=IFERROR(INDEX(Data_Input!$A$1:$ZZ$502, MATCH("총자산", INDEX(Data_Input!$A$1:$ZZ$502, 0, MATCH(1, (Data_Input!$7:$7=$F$3)*(Data_Input!$8:$8=$B9), 0)), 0) + 1, MATCH(1, (Data_Input!$7:$7=$F$3)*(Data_Input!$8:$8=$B9), 0)),"")} | H9: {=IFERROR(INDEX(Data_Input!$A$1:$ZZ$502, MATCH("매입금액", INDEX(Data_Input!$A$1:$ZZ$502, 0, MATCH(1, (Data_Input!$7:$7=$F$3)*(Data_Input!$8:$8=$B9), 0)), 0) + 1, MATCH(1, (Data_Input!$7:$7=$F$3)*(Data_Input!$8:$8=$B9), 0)),"")} | I9: {=IFERROR(INDEX(Data_Input!$A$1:$ZZ$502, MATCH("평가금액", INDEX(Data_Input!$A$1:$ZZ$502, 0, MATCH(1, (Data_Input!$7:$7=$F$3)*(Data_Input!$8:$8=$B9), 0)), 0) + 1, MATCH(1, (Data_Input!$7:$7=$F$3)*(Data_Input!$8:$8=$B9), 0)),"")} | J9: {=IFERROR(INDEX(Data_Input!$A$1:$ZZ$502, MATCH("평가손익", INDEX(Data_Input!$A$1:$ZZ$502, 0, MATCH(1, (Data_Input!$7:$7=$F$3)*(Data_Input!$8:$8=$B9), 0)), 0) + 1, MATCH(1, (Data_Input!$7:$7=$F$3)*(Data_Input!$8:$8=$B9), 0)),"")} | K9: {=IFERROR(INDEX(Data_Input!$A$1:$ZZ$502, MATCH("총수익률", INDEX(Data_Input!$A$1:$ZZ$502, 0, MATCH(1, (Data_Input!$7:$7=$F$3)*(Data_Input!$8:$8=$B9), 0)), 0) + 1, MATCH(1, (Data_Input!$7:$7=$F$3)*(Data_Input!$8:$8=$B9), 0)),"")} | L9: {=IFERROR(_xlfn.LET( _xlpm.targetDate, B9, _xlpm.colIdx, MATCH(1, (Data_Input!$7:$7=$F$3) * (Data_Input!$8:$8=_xlpm.targetDate), 0), _xlpm.allData, INDEX(Data_Input!$1:$1002, 34, _xlpm.colIdx):INDEX(Data_Input!$1:$1002, 1000, _xlpm.colIdx), _xlpm.markedData, _xlfn.MAP(_xlfn.SEQUENCE(ROWS(_xlpm.allData)), _xlfn.LAMBDA(_xlpm.r, _xlfn.LET( _xlpm.checkRange, INDEX(_xlpm.allData, MAX(1, _xlpm.r-3)):INDEX(_xlpm.allData, _xlpm.r), _xlpm.isSubtotalInBlock, OR(_xlfn.MAP(_xlpm.checkRange, _xlfn.LAMBDA(_xlpm.v, ISNUMBER(SEARCH("소계", _xlpm.v))))), IF(_xlpm.isSubtotalInBlock, "SKIP", INDEX(_xlpm.allData, _xlpm.r)) ) )), _xlpm.validData, _xlfn._xlws.FILTER(_xlpm.markedData, (_xlpm.markedData <> "SKIP") * (_xlpm.markedData <> "")), _xlfn.TOROW(_xlpm.validData) ),"")}
A10: =IF(B10>0,A9+1,"") | C10: =IF(B10>0,C9,"") | D10: {=IFERROR(INDEX(Data_Input!$10:$10,MATCH(1,(Data_Input!$7:$7=$F$3)*(Data_Input!$8:$8=$B10),0)),"")} | E10: {=IFERROR(INDEX(Data_Input!$1:$100, 9, MATCH(1, (Data_Input!$7:$7=$F$3) * (Data_Input!$8:$8=$B10), 0)),"")} | F10: {=IFERROR(INDEX(Data_Input!$A$1:$ZZ$502, MATCH("예수금", INDEX(Data_Input!$A$1:$ZZ$502, 0, MATCH(1, (Data_Input!$7:$7=$F$3)*(Data_Input!$8:$8=$B10), 0)), 0) + 1, MATCH(1, (Data_Input!$7:$7=$F$3)*(Data_Input!$8:$8=$B10), 0)),"")} | G10: {=IFERROR(INDEX(Data_Input!$A$1:$ZZ$502, MATCH("총자산", INDEX(Data_Input!$A$1:$ZZ$502, 0, MATCH(1, (Data_Input!$7:$7=$F$3)*(Data_Input!$8:$8=$B10), 0)), 0) + 1, MATCH(1, (Data_Input!$7:$7=$F$3)*(Data_Input!$8:$8=$B10), 0)),"")} | H10: {=IFERROR(INDEX(Data_Input!$A$1:$ZZ$502, MATCH("매입금액", INDEX(Data_Input!$A$1:$ZZ$502, 0, MATCH(1, (Data_Input!$7:$7=$F$3)*(Data_Input!$8:$8=$B10), 0)), 0) + 1, MATCH(1, (Data_Input!$7:$7=$F$3)*(Data_Input!$8:$8=$B10), 0)),"")} | I10: {=IFERROR(INDEX(Data_Input!$A$1:$ZZ$502, MATCH("평가금액", INDEX(Data_Input!$A$1:$ZZ$502, 0, MATCH(1, (Data_Input!$7:$7=$F$3)*(Data_Input!$8:$8=$B10), 0)), 0) + 1, MATCH(1, (Data_Input!$7:$7=$F$3)*(Data_Input!$8:$8=$B10), 0)),"")} | J10: {=IFERROR(INDEX(Data_Input!$A$1:$ZZ$502, MATCH("평가손익", INDEX(Data_Input!$A$1:$ZZ$502, 0, MATCH(1, (Data_Input!$7:$7=$F$3)*(Data_Input!$8:$8=$B10), 0)), 0) + 1, MATCH(1, (Data_Input!$7:$7=$F$3)*(Data_Input!$8:$8=$B10), 0)),"")} | K10: {=IFERROR(INDEX(Data_Input!$A$1:$ZZ$502, MATCH("총수익률", INDEX(Data_Input!$A$1:$ZZ$502, 0, MATCH(1, (Data_Input!$7:$7=$F$3)*(Data_Input!$8:$8=$B10), 0)), 0) + 1, MATCH(1, (Data_Input!$7:$7=$F$3)*(Data_Input!$8:$8=$B10), 0)),"")} | L10: {=IFERROR(_xlfn.LET( _xlpm.targetDate, B10, _xlpm.colIdx, MATCH(1, (Data_Input!$7:$7=$F$3) * (Data_Input!$8:$8=_xlpm.targetDate), 0), _xlpm.allData, INDEX(Data_Input!$1:$1002, 34, _xlpm.colIdx):INDEX(Data_Input!$1:$1002, 1000, _xlpm.colIdx), _xlpm.markedData, _xlfn.MAP(_xlfn.SEQUENCE(ROWS(_xlpm.allData)), _xlfn.LAMBDA(_xlpm.r, _xlfn.LET( _xlpm.checkRange, INDEX(_xlpm.allData, MAX(1, _xlpm.r-3)):INDEX(_xlpm.allData, _xlpm.r), _xlpm.isSubtotalInBlock, OR(_xlfn.MAP(_xlpm.checkRange, _xlfn.LAMBDA(_xlpm.v, ISNUMBER(SEARCH("소계", _xlpm.v))))), IF(_xlpm.isSubtotalInBlock, "SKIP", INDEX(_xlpm.allData, _xlpm.r)) ) )), _xlpm.validData, _xlfn._xlws.FILTER(_xlpm.markedData, (_xlpm.markedData <> "SKIP") * (_xlpm.markedData <> "")), _xlfn.TOROW(_xlpm.validData) ),"")}
A11: =IF(B11>0,A10+1,"") | C11: =IF(B11>0,C10,"") | D11: {=IFERROR(INDEX(Data_Input!$10:$10,MATCH(1,(Data_Input!$7:$7=$F$3)*(Data_Input!$8:$8=$B11),0)),"")} | E11: {=IFERROR(INDEX(Data_Input!$1:$100, 9, MATCH(1, (Data_Input!$7:$7=$F$3) * (Data_Input!$8:$8=$B11), 0)),"")} | F11: {=IFERROR(INDEX(Data_Input!$A$1:$ZZ$502, MATCH("예수금", INDEX(Data_Input!$A$1:$ZZ$502, 0, MATCH(1, (Data_Input!$7:$7=$F$3)*(Data_Input!$8:$8=$B11), 0)), 0) + 1, MATCH(1, (Data_Input!$7:$7=$F$3)*(Data_Input!$8:$8=$B11), 0)),"")} | G11: {=IFERROR(INDEX(Data_Input!$A$1:$ZZ$502, MATCH("총자산", INDEX(Data_Input!$A$1:$ZZ$502, 0, MATCH(1, (Data_Input!$7:$7=$F$3)*(Data_Input!$8:$8=$B11), 0)), 0) + 1, MATCH(1, (Data_Input!$7:$7=$F$3)*(Data_Input!$8:$8=$B11), 0)),"")} | H11: {=IFERROR(INDEX(Data_Input!$A$1:$ZZ$502, MATCH("매입금액", INDEX(Data_Input!$A$1:$ZZ$502, 0, MATCH(1, (Data_Input!$7:$7=$F$3)*(Data_Input!$8:$8=$B11), 0)), 0) + 1, MATCH(1, (Data_Input!$7:$7=$F$3)*(Data_Input!$8:$8=$B11), 0)),"")} | I11: {=IFERROR(INDEX(Data_Input!$A$1:$ZZ$502, MATCH("평가금액", INDEX(Data_Input!$A$1:$ZZ$502, 0, MATCH(1, (Data_Input!$7:$7=$F$3)*(Data_Input!$8:$8=$B11), 0)), 0) + 1, MATCH(1, (Data_Input!$7:$7=$F$3)*(Data_Input!$8:$8=$B11), 0)),"")} | J11: {=IFERROR(INDEX(Data_Input!$A$1:$ZZ$502, MATCH("평가손익", INDEX(Data_Input!$A$1:$ZZ$502, 0, MATCH(1, (Data_Input!$7:$7=$F$3)*(Data_Input!$8:$8=$B11), 0)), 0) + 1, MATCH(1, (Data_Input!$7:$7=$F$3)*(Data_Input!$8:$8=$B11), 0)),"")} | K11: {=IFERROR(INDEX(Data_Input!$A$1:$ZZ$502, MATCH("총수익률", INDEX(Data_Input!$A$1:$ZZ$502, 0, MATCH(1, (Data_Input!$7:$7=$F$3)*(Data_Input!$8:$8=$B11), 0)), 0) + 1, MATCH(1, (Data_Input!$7:$7=$F$3)*(Data_Input!$8:$8=$B11), 0)),"")} | L11: {=IFERROR(_xlfn.LET( _xlpm.targetDate, B11, _xlpm.colIdx, MATCH(1, (Data_Input!$7:$7=$F$3) * (Data_Input!$8:$8=_xlpm.targetDate), 0), _xlpm.allData, INDEX(Data_Input!$1:$1002, 34, _xlpm.colIdx):INDEX(Data_Input!$1:$1002, 1000, _xlpm.colIdx), _xlpm.markedData, _xlfn.MAP(_xlfn.SEQUENCE(ROWS(_xlpm.allData)), _xlfn.LAMBDA(_xlpm.r, _xlfn.LET( _xlpm.checkRange, INDEX(_xlpm.allData, MAX(1, _xlpm.r-3)):INDEX(_xlpm.allData, _xlpm.r), _xlpm.isSubtotalInBlock, OR(_xlfn.MAP(_xlpm.checkRange, _xlfn.LAMBDA(_xlpm.v, ISNUMBER(SEARCH("소계", _xlpm.v))))), IF(_xlpm.isSubtotalInBlock, "SKIP", INDEX(_xlpm.allData, _xlpm.r)) ) )), _xlpm.validData, _xlfn._xlws.FILTER(_xlpm.markedData, (_xlpm.markedData <> "SKIP") * (_xlpm.markedData <> "")), _xlfn.TOROW(_xlpm.validData) ),"")}
A12: =IF(B12>0,A11+1,"") | C12: =IF(B12>0,C11,"") | D12: {=IFERROR(INDEX(Data_Input!$10:$10,MATCH(1,(Data_Input!$7:$7=$F$3)*(Data_Input!$8:$8=$B12),0)),"")} | E12: {=IFERROR(INDEX(Data_Input!$1:$100, 9, MATCH(1, (Data_Input!$7:$7=$F$3) * (Data_Input!$8:$8=$B12), 0)),"")} | F12: {=IFERROR(INDEX(Data_Input!$A$1:$ZZ$502, MATCH("예수금", INDEX(Data_Input!$A$1:$ZZ$502, 0, MATCH(1, (Data_Input!$7:$7=$F$3)*(Data_Input!$8:$8=$B12), 0)), 0) + 1, MATCH(1, (Data_Input!$7:$7=$F$3)*(Data_Input!$8:$8=$B12), 0)),"")} | G12: {=IFERROR(INDEX(Data_Input!$A$1:$ZZ$502, MATCH("총자산", INDEX(Data_Input!$A$1:$ZZ$502, 0, MATCH(1, (Data_Input!$7:$7=$F$3)*(Data_Input!$8:$8=$B12), 0)), 0) + 1, MATCH(1, (Data_Input!$7:$7=$F$3)*(Data_Input!$8:$8=$B12), 0)),"")} | H12: {=IFERROR(INDEX(Data_Input!$A$1:$ZZ$502, MATCH("매입금액", INDEX(Data_Input!$A$1:$ZZ$502, 0, MATCH(1, (Data_Input!$7:$7=$F$3)*(Data_Input!$8:$8=$B12), 0)), 0) + 1, MATCH(1, (Data_Input!$7:$7=$F$3)*(Data_Input!$8:$8=$B12), 0)),"")} | I12: {=IFERROR(INDEX(Data_Input!$A$1:$ZZ$502, MATCH("평가금액", INDEX(Data_Input!$A$1:$ZZ$502, 0, MATCH(1, (Data_Input!$7:$7=$F$3)*(Data_Input!$8:$8=$B12), 0)), 0) + 1, MATCH(1, (Data_Input!$7:$7=$F$3)*(Data_Input!$8:$8=$B12), 0)),"")} | J12: {=IFERROR(INDEX(Data_Input!$A$1:$ZZ$502, MATCH("평가손익", INDEX(Data_Input!$A$1:$ZZ$502, 0, MATCH(1, (Data_Input!$7:$7=$F$3)*(Data_Input!$8:$8=$B12), 0)), 0) + 1, MATCH(1, (Data_Input!$7:$7=$F$3)*(Data_Input!$8:$8=$B12), 0)),"")} | K12: {=IFERROR(INDEX(Data_Input!$A$1:$ZZ$502, MATCH("총수익률", INDEX(Data_Input!$A$1:$ZZ$502, 0, MATCH(1, (Data_Input!$7:$7=$F$3)*(Data_Input!$8:$8=$B12), 0)), 0) + 1, MATCH(1, (Data_Input!$7:$7=$F$3)*(Data_Input!$8:$8=$B12), 0)),"")} | L12: {=IFERROR(_xlfn.LET( _xlpm.targetDate, B12, _xlpm.colIdx, MATCH(1, (Data_Input!$7:$7=$F$3) * (Data_Input!$8:$8=_xlpm.targetDate), 0), _xlpm.allData, INDEX(Data_Input!$1:$1002, 34, _xlpm.colIdx):INDEX(Data_Input!$1:$1002, 1000, _xlpm.colIdx), _xlpm.markedData, _xlfn.MAP(_xlfn.SEQUENCE(ROWS(_xlpm.allData)), _xlfn.LAMBDA(_xlpm.r, _xlfn.LET( _xlpm.checkRange, INDEX(_xlpm.allData, MAX(1, _xlpm.r-3)):INDEX(_xlpm.allData, _xlpm.r), _xlpm.isSubtotalInBlock, OR(_xlfn.MAP(_xlpm.checkRange, _xlfn.LAMBDA(_xlpm.v, ISNUMBER(SEARCH("소계", _xlpm.v))))), IF(_xlpm.isSubtotalInBlock, "SKIP", INDEX(_xlpm.allData, _xlpm.r)) ) )), _xlpm.validData, _xlfn._xlws.FILTER(_xlpm.markedData, (_xlpm.markedData <> "SKIP") * (_xlpm.markedData <> "")), _xlfn.TOROW(_xlpm.validData) ),"")}
A13: =IF(B13>0,A12+1,"") | C13: =IF(B13>0,C12,"") | D13: {=IFERROR(INDEX(Data_Input!$10:$10,MATCH(1,(Data_Input!$7:$7=$F$3)*(Data_Input!$8:$8=$B13),0)),"")} | E13: {=IFERROR(INDEX(Data_Input!$1:$100, 9, MATCH(1, (Data_Input!$7:$7=$F$3) * (Data_Input!$8:$8=$B13), 0)),"")} | F13: {=IFERROR(INDEX(Data_Input!$A$1:$ZZ$502, MATCH("예수금", INDEX(Data_Input!$A$1:$ZZ$502, 0, MATCH(1, (Data_Input!$7:$7=$F$3)*(Data_Input!$8:$8=$B13), 0)), 0) + 1, MATCH(1, (Data_Input!$7:$7=$F$3)*(Data_Input!$8:$8=$B13), 0)),"")} | G13: {=IFERROR(INDEX(Data_Input!$A$1:$ZZ$502, MATCH("총자산", INDEX(Data_Input!$A$1:$ZZ$502, 0, MATCH(1, (Data_Input!$7:$7=$F$3)*(Data_Input!$8:$8=$B13), 0)), 0) + 1, MATCH(1, (Data_Input!$7:$7=$F$3)*(Data_Input!$8:$8=$B13), 0)),"")} | H13: {=IFERROR(INDEX(Data_Input!$A$1:$ZZ$502, MATCH("매입금액", INDEX(Data_Input!$A$1:$ZZ$502, 0, MATCH(1, (Data_Input!$7:$7=$F$3)*(Data_Input!$8:$8=$B13), 0)), 0) + 1, MATCH(1, (Data_Input!$7:$7=$F$3)*(Data_Input!$8:$8=$B13), 0)),"")} | I13: {=IFERROR(INDEX(Data_Input!$A$1:$ZZ$502, MATCH("평가금액", INDEX(Data_Input!$A$1:$ZZ$502, 0, MATCH(1, (Data_Input!$7:$7=$F$3)*(Data_Input!$8:$8=$B13), 0)), 0) + 1, MATCH(1, (Data_Input!$7:$7=$F$3)*(Data_Input!$8:$8=$B13), 0)),"")} | J13: {=IFERROR(INDEX(Data_Input!$A$1:$ZZ$502, MATCH("평가손익", INDEX(Data_Input!$A$1:$ZZ$502, 0, MATCH(1, (Data_Input!$7:$7=$F$3)*(Data_Input!$8:$8=$B13), 0)), 0) + 1, MATCH(1, (Data_Input!$7:$7=$F$3)*(Data_Input!$8:$8=$B13), 0)),"")} | K13: {=IFERROR(INDEX(Data_Input!$A$1:$ZZ$502, MATCH("총수익률", INDEX(Data_Input!$A$1:$ZZ$502, 0, MATCH(1, (Data_Input!$7:$7=$F$3)*(Data_Input!$8:$8=$B13), 0)), 0) + 1, MATCH(1, (Data_Input!$7:$7=$F$3)*(Data_Input!$8:$8=$B13), 0)),"")} | L13: {=IFERROR(_xlfn.LET( _xlpm.targetDate, B13, _xlpm.colIdx, MATCH(1, (Data_Input!$7:$7=$F$3) * (Data_Input!$8:$8=_xlpm.targetDate), 0), _xlpm.allData, INDEX(Data_Input!$1:$1002, 34, _xlpm.colIdx):INDEX(Data_Input!$1:$1002, 1000, _xlpm.colIdx), _xlpm.markedData, _xlfn.MAP(_xlfn.SEQUENCE(ROWS(_xlpm.allData)), _xlfn.LAMBDA(_xlpm.r, _xlfn.LET( _xlpm.checkRange, INDEX(_xlpm.allData, MAX(1, _xlpm.r-3)):INDEX(_xlpm.allData, _xlpm.r), _xlpm.isSubtotalInBlock, OR(_xlfn.MAP(_xlpm.checkRange, _xlfn.LAMBDA(_xlpm.v, ISNUMBER(SEARCH("소계", _xlpm.v))))), IF(_xlpm.isSubtotalInBlock, "SKIP", INDEX(_xlpm.allData, _xlpm.r)) ) )), _xlpm.validData, _xlfn._xlws.FILTER(_xlpm.markedData, (_xlpm.markedData <> "SKIP") * (_xlpm.markedData <> "")), _xlfn.TOROW(_xlpm.validData) ),"")}
A14: =IF(B14>0,A13+1,"") | C14: =IF(B14>0,C13,"") | D14: {=IFERROR(INDEX(Data_Input!$10:$10,MATCH(1,(Data_Input!$7:$7=$F$3)*(Data_Input!$8:$8=$B14),0)),"")} | E14: {=IFERROR(INDEX(Data_Input!$1:$100, 9, MATCH(1, (Data_Input!$7:$7=$F$3) * (Data_Input!$8:$8=$B14), 0)),"")} | F14: {=IFERROR(INDEX(Data_Input!$A$1:$ZZ$502, MATCH("예수금", INDEX(Data_Input!$A$1:$ZZ$502, 0, MATCH(1, (Data_Input!$7:$7=$F$3)*(Data_Input!$8:$8=$B14), 0)), 0) + 1, MATCH(1, (Data_Input!$7:$7=$F$3)*(Data_Input!$8:$8=$B14), 0)),"")} | G14: {=IFERROR(INDEX(Data_Input!$A$1:$ZZ$502, MATCH("총자산", INDEX(Data_Input!$A$1:$ZZ$502, 0, MATCH(1, (Data_Input!$7:$7=$F$3)*(Data_Input!$8:$8=$B14), 0)), 0) + 1, MATCH(1, (Data_Input!$7:$7=$F$3)*(Data_Input!$8:$8=$B14), 0)),"")} | H14: {=IFERROR(INDEX(Data_Input!$A$1:$ZZ$502, MATCH("매입금액", INDEX(Data_Input!$A$1:$ZZ$502, 0, MATCH(1, (Data_Input!$7:$7=$F$3)*(Data_Input!$8:$8=$B14), 0)), 0) + 1, MATCH(1, (Data_Input!$7:$7=$F$3)*(Data_Input!$8:$8=$B14), 0)),"")} | I14: {=IFERROR(INDEX(Data_Input!$A$1:$ZZ$502, MATCH("평가금액", INDEX(Data_Input!$A$1:$ZZ$502, 0, MATCH(1, (Data_Input!$7:$7=$F$3)*(Data_Input!$8:$8=$B14), 0)), 0) + 1, MATCH(1, (Data_Input!$7:$7=$F$3)*(Data_Input!$8:$8=$B14), 0)),"")} | J14: {=IFERROR(INDEX(Data_Input!$A$1:$ZZ$502, MATCH("평가손익", INDEX(Data_Input!$A$1:$ZZ$502, 0, MATCH(1, (Data_Input!$7:$7=$F$3)*(Data_Input!$8:$8=$B14), 0)), 0) + 1, MATCH(1, (Data_Input!$7:$7=$F$3)*(Data_Input!$8:$8=$B14), 0)),"")} | K14: {=IFERROR(INDEX(Data_Input!$A$1:$ZZ$502, MATCH("총수익률", INDEX(Data_Input!$A$1:$ZZ$502, 0, MATCH(1, (Data_Input!$7:$7=$F$3)*(Data_Input!$8:$8=$B14), 0)), 0) + 1, MATCH(1, (Data_Input!$7:$7=$F$3)*(Data_Input!$8:$8=$B14), 0)),"")} | L14: {=IFERROR(_xlfn.LET( _xlpm.targetDate, B14, _xlpm.colIdx, MATCH(1, (Data_Input!$7:$7=$F$3) * (Data_Input!$8:$8=_xlpm.targetDate), 0), _xlpm.allData, INDEX(Data_Input!$1:$1002, 34, _xlpm.colIdx):INDEX(Data_Input!$1:$1002, 1000, _xlpm.colIdx), _xlpm.markedData, _xlfn.MAP(_xlfn.SEQUENCE(ROWS(_xlpm.allData)), _xlfn.LAMBDA(_xlpm.r, _xlfn.LET( _xlpm.checkRange, INDEX(_xlpm.allData, MAX(1, _xlpm.r-3)):INDEX(_xlpm.allData, _xlpm.r), _xlpm.isSubtotalInBlock, OR(_xlfn.MAP(_xlpm.checkRange, _xlfn.LAMBDA(_xlpm.v, ISNUMBER(SEARCH("소계", _xlpm.v))))), IF(_xlpm.isSubtotalInBlock, "SKIP", INDEX(_xlpm.allData, _xlpm.r)) ) )), _xlpm.validData, _xlfn._xlws.FILTER(_xlpm.markedData, (_xlpm.markedData <> "SKIP") * (_xlpm.markedData <> "")), _xlfn.TOROW(_xlpm.validData) ),"")}
A15: =IF(B15>0,A14+1,"") | C15: =IF(B15>0,C14,"") | D15: {=IFERROR(INDEX(Data_Input!$10:$10,MATCH(1,(Data_Input!$7:$7=$F$3)*(Data_Input!$8:$8=$B15),0)),"")} | E15: {=IFERROR(INDEX(Data_Input!$1:$100, 9, MATCH(1, (Data_Input!$7:$7=$F$3) * (Data_Input!$8:$8=$B15), 0)),"")} | F15: {=IFERROR(INDEX(Data_Input!$A$1:$ZZ$502, MATCH("예수금", INDEX(Data_Input!$A$1:$ZZ$502, 0, MATCH(1, (Data_Input!$7:$7=$F$3)*(Data_Input!$8:$8=$B15), 0)), 0) + 1, MATCH(1, (Data_Input!$7:$7=$F$3)*(Data_Input!$8:$8=$B15), 0)),"")} | G15: {=IFERROR(INDEX(Data_Input!$A$1:$ZZ$502, MATCH("총자산", INDEX(Data_Input!$A$1:$ZZ$502, 0, MATCH(1, (Data_Input!$7:$7=$F$3)*(Data_Input!$8:$8=$B15), 0)), 0) + 1, MATCH(1, (Data_Input!$7:$7=$F$3)*(Data_Input!$8:$8=$B15), 0)),"")} | H15: {=IFERROR(INDEX(Data_Input!$A$1:$ZZ$502, MATCH("매입금액", INDEX(Data_Input!$A$1:$ZZ$502, 0, MATCH(1, (Data_Input!$7:$7=$F$3)*(Data_Input!$8:$8=$B15), 0)), 0) + 1, MATCH(1, (Data_Input!$7:$7=$F$3)*(Data_Input!$8:$8=$B15), 0)),"")} | I15: {=IFERROR(INDEX(Data_Input!$A$1:$ZZ$502, MATCH("평가금액", INDEX(Data_Input!$A$1:$ZZ$502, 0, MATCH(1, (Data_Input!$7:$7=$F$3)*(Data_Input!$8:$8=$B15), 0)), 0) + 1, MATCH(1, (Data_Input!$7:$7=$F$3)*(Data_Input!$8:$8=$B15), 0)),"")} | J15: {=IFERROR(INDEX(Data_Input!$A$1:$ZZ$502, MATCH("평가손익", INDEX(Data_Input!$A$1:$ZZ$502, 0, MATCH(1, (Data_Input!$7:$7=$F$3)*(Data_Input!$8:$8=$B15), 0)), 0) + 1, MATCH(1, (Data_Input!$7:$7=$F$3)*(Data_Input!$8:$8=$B15), 0)),"")} | K15: {=IFERROR(INDEX(Data_Input!$A$1:$ZZ$502, MATCH("총수익률", INDEX(Data_Input!$A$1:$ZZ$502, 0, MATCH(1, (Data_Input!$7:$7=$F$3)*(Data_Input!$8:$8=$B15), 0)), 0) + 1, MATCH(1, (Data_Input!$7:$7=$F$3)*(Data_Input!$8:$8=$B15), 0)),"")} | L15: {=IFERROR(_xlfn.LET( _xlpm.targetDate, B15, _xlpm.colIdx, MATCH(1, (Data_Input!$7:$7=$F$3) * (Data_Input!$8:$8=_xlpm.targetDate), 0), _xlpm.allData, INDEX(Data_Input!$1:$1002, 34, _xlpm.colIdx):INDEX(Data_Input!$1:$1002, 1000, _xlpm.colIdx), _xlpm.markedData, _xlfn.MAP(_xlfn.SEQUENCE(ROWS(_xlpm.allData)), _xlfn.LAMBDA(_xlpm.r, _xlfn.LET( _xlpm.checkRange, INDEX(_xlpm.allData, MAX(1, _xlpm.r-3)):INDEX(_xlpm.allData, _xlpm.r), _xlpm.isSubtotalInBlock, OR(_xlfn.MAP(_xlpm.checkRange, _xlfn.LAMBDA(_xlpm.v, ISNUMBER(SEARCH("소계", _xlpm.v))))), IF(_xlpm.isSubtotalInBlock, "SKIP", INDEX(_xlpm.allData, _xlpm.r)) ) )), _xlpm.validData, _xlfn._xlws.FILTER(_xlpm.markedData, (_xlpm.markedData <> "SKIP") * (_xlpm.markedData <> "")), _xlfn.TOROW(_xlpm.validData) ),"")}
A16: =IF(B16>0,A15+1,"") | C16: =IF(B16>0,C15,"") | D16: {=IFERROR(INDEX(Data_Input!$10:$10,MATCH(1,(Data_Input!$7:$7=$F$3)*(Data_Input!$8:$8=$B16),0)),"")} | E16: {=IFERROR(INDEX(Data_Input!$1:$100, 9, MATCH(1, (Data_Input!$7:$7=$F$3) * (Data_Input!$8:$8=$B16), 0)),"")} | F16: {=IFERROR(INDEX(Data_Input!$A$1:$ZZ$502, MATCH("예수금", INDEX(Data_Input!$A$1:$ZZ$502, 0, MATCH(1, (Data_Input!$7:$7=$F$3)*(Data_Input!$8:$8=$B16), 0)), 0) + 1, MATCH(1, (Data_Input!$7:$7=$F$3)*(Data_Input!$8:$8=$B16), 0)),"")} | G16: {=IFERROR(INDEX(Data_Input!$A$1:$ZZ$502, MATCH("총자산", INDEX(Data_Input!$A$1:$ZZ$502, 0, MATCH(1, (Data_Input!$7:$7=$F$3)*(Data_Input!$8:$8=$B16), 0)), 0) + 1, MATCH(1, (Data_Input!$7:$7=$F$3)*(Data_Input!$8:$8=$B16), 0)),"")} | H16: {=IFERROR(INDEX(Data_Input!$A$1:$ZZ$502, MATCH("매입금액", INDEX(Data_Input!$A$1:$ZZ$502, 0, MATCH(1, (Data_Input!$7:$7=$F$3)*(Data_Input!$8:$8=$B16), 0)), 0) + 1, MATCH(1, (Data_Input!$7:$7=$F$3)*(Data_Input!$8:$8=$B16), 0)),"")} | I16: {=IFERROR(INDEX(Data_Input!$A$1:$ZZ$502, MATCH("평가금액", INDEX(Data_Input!$A$1:$ZZ$502, 0, MATCH(1, (Data_Input!$7:$7=$F$3)*(Data_Input!$8:$8=$B16), 0)), 0) + 1, MATCH(1, (Data_Input!$7:$7=$F$3)*(Data_Input!$8:$8=$B16), 0)),"")} | J16: {=IFERROR(INDEX(Data_Input!$A$1:$ZZ$502, MATCH("평가손익", INDEX(Data_Input!$A$1:$ZZ$502, 0, MATCH(1, (Data_Input!$7:$7=$F$3)*(Data_Input!$8:$8=$B16), 0)), 0) + 1, MATCH(1, (Data_Input!$7:$7=$F$3)*(Data_Input!$8:$8=$B16), 0)),"")} | K16: {=IFERROR(INDEX(Data_Input!$A$1:$ZZ$502, MATCH("총수익률", INDEX(Data_Input!$A$1:$ZZ$502, 0, MATCH(1, (Data_Input!$7:$7=$F$3)*(Data_Input!$8:$8=$B16), 0)), 0) + 1, MATCH(1, (Data_Input!$7:$7=$F$3)*(Data_Input!$8:$8=$B16), 0)),"")} | L16: {=IFERROR(_xlfn.LET( _xlpm.targetDate, B16, _xlpm.colIdx, MATCH(1, (Data_Input!$7:$7=$F$3) * (Data_Input!$8:$8=_xlpm.targetDate), 0), _xlpm.allData, INDEX(Data_Input!$1:$1002, 34, _xlpm.colIdx):INDEX(Data_Input!$1:$1002, 1000, _xlpm.colIdx), _xlpm.markedData, _xlfn.MAP(_xlfn.SEQUENCE(ROWS(_xlpm.allData)), _xlfn.LAMBDA(_xlpm.r, _xlfn.LET( _xlpm.checkRange, INDEX(_xlpm.allData, MAX(1, _xlpm.r-3)):INDEX(_xlpm.allData, _xlpm.r), _xlpm.isSubtotalInBlock, OR(_xlfn.MAP(_xlpm.checkRange, _xlfn.LAMBDA(_xlpm.v, ISNUMBER(SEARCH("소계", _xlpm.v))))), IF(_xlpm.isSubtotalInBlock, "SKIP", INDEX(_xlpm.allData, _xlpm.r)) ) )), _xlpm.validData, _xlfn._xlws.FILTER(_xlpm.markedData, (_xlpm.markedData <> "SKIP") * (_xlpm.markedData <> "")), _xlfn.TOROW(_xlpm.validData) ),"")}
A17: =IF(B17>0,A16+1,"") | C17: =IF(B17>0,C16,"") | D17: {=IFERROR(INDEX(Data_Input!$10:$10,MATCH(1,(Data_Input!$7:$7=$F$3)*(Data_Input!$8:$8=$B17),0)),"")} | E17: {=IFERROR(INDEX(Data_Input!$1:$100, 9, MATCH(1, (Data_Input!$7:$7=$F$3) * (Data_Input!$8:$8=$B17), 0)),"")} | F17: {=IFERROR(INDEX(Data_Input!$A$1:$ZZ$502, MATCH("예수금", INDEX(Data_Input!$A$1:$ZZ$502, 0, MATCH(1, (Data_Input!$7:$7=$F$3)*(Data_Input!$8:$8=$B17), 0)), 0) + 1, MATCH(1, (Data_Input!$7:$7=$F$3)*(Data_Input!$8:$8=$B17), 0)),"")} | G17: {=IFERROR(INDEX(Data_Input!$A$1:$ZZ$502, MATCH("총자산", INDEX(Data_Input!$A$1:$ZZ$502, 0, MATCH(1, (Data_Input!$7:$7=$F$3)*(Data_Input!$8:$8=$B17), 0)), 0) + 1, MATCH(1, (Data_Input!$7:$7=$F$3)*(Data_Input!$8:$8=$B17), 0)),"")} | H17: {=IFERROR(INDEX(Data_Input!$A$1:$ZZ$502, MATCH("매입금액", INDEX(Data_Input!$A$1:$ZZ$502, 0, MATCH(1, (Data_Input!$7:$7=$F$3)*(Data_Input!$8:$8=$B17), 0)), 0) + 1, MATCH(1, (Data_Input!$7:$7=$F$3)*(Data_Input!$8:$8=$B17), 0)),"")} | I17: {=IFERROR(INDEX(Data_Input!$A$1:$ZZ$502, MATCH("평가금액", INDEX(Data_Input!$A$1:$ZZ$502, 0, MATCH(1, (Data_Input!$7:$7=$F$3)*(Data_Input!$8:$8=$B17), 0)), 0) + 1, MATCH(1, (Data_Input!$7:$7=$F$3)*(Data_Input!$8:$8=$B17), 0)),"")} | J17: {=IFERROR(INDEX(Data_Input!$A$1:$ZZ$502, MATCH("평가손익", INDEX(Data_Input!$A$1:$ZZ$502, 0, MATCH(1, (Data_Input!$7:$7=$F$3)*(Data_Input!$8:$8=$B17), 0)), 0) + 1, MATCH(1, (Data_Input!$7:$7=$F$3)*(Data_Input!$8:$8=$B17), 0)),"")} | K17: {=IFERROR(INDEX(Data_Input!$A$1:$ZZ$502, MATCH("총수익률", INDEX(Data_Input!$A$1:$ZZ$502, 0, MATCH(1, (Data_Input!$7:$7=$F$3)*(Data_Input!$8:$8=$B17), 0)), 0) + 1, MATCH(1, (Data_Input!$7:$7=$F$3)*(Data_Input!$8:$8=$B17), 0)),"")} | L17: {=IFERROR(_xlfn.LET( _xlpm.targetDate, B17, _xlpm.colIdx, MATCH(1, (Data_Input!$7:$7=$F$3) * (Data_Input!$8:$8=_xlpm.targetDate), 0), _xlpm.allData, INDEX(Data_Input!$1:$1002, 34, _xlpm.colIdx):INDEX(Data_Input!$1:$1002, 1000, _xlpm.colIdx), _xlpm.markedData, _xlfn.MAP(_xlfn.SEQUENCE(ROWS(_xlpm.allData)), _xlfn.LAMBDA(_xlpm.r, _xlfn.LET( _xlpm.checkRange, INDEX(_xlpm.allData, MAX(1, _xlpm.r-3)):INDEX(_xlpm.allData, _xlpm.r), _xlpm.isSubtotalInBlock, OR(_xlfn.MAP(_xlpm.checkRange, _xlfn.LAMBDA(_xlpm.v, ISNUMBER(SEARCH("소계", _xlpm.v))))), IF(_xlpm.isSubtotalInBlock, "SKIP", INDEX(_xlpm.allData, _xlpm.r)) ) )), _xlpm.validData, _xlfn._xlws.FILTER(_xlpm.markedData, (_xlpm.markedData <> "SKIP") * (_xlpm.markedData <> "")), _xlfn.TOROW(_xlpm.validData) ),"")}
A18: =IF(B18>0,A17+1,"") | C18: =IF(B18>0,C17,"") | D18: {=IFERROR(INDEX(Data_Input!$10:$10,MATCH(1,(Data_Input!$7:$7=$F$3)*(Data_Input!$8:$8=$B18),0)),"")} | E18: {=IFERROR(INDEX(Data_Input!$1:$100, 9, MATCH(1, (Data_Input!$7:$7=$F$3) * (Data_Input!$8:$8=$B18), 0)),"")} | F18: {=IFERROR(INDEX(Data_Input!$A$1:$ZZ$502, MATCH("예수금", INDEX(Data_Input!$A$1:$ZZ$502, 0, MATCH(1, (Data_Input!$7:$7=$F$3)*(Data_Input!$8:$8=$B18), 0)), 0) + 1, MATCH(1, (Data_Input!$7:$7=$F$3)*(Data_Input!$8:$8=$B18), 0)),"")} | G18: {=IFERROR(INDEX(Data_Input!$A$1:$ZZ$502, MATCH("총자산", INDEX(Data_Input!$A$1:$ZZ$502, 0, MATCH(1, (Data_Input!$7:$7=$F$3)*(Data_Input!$8:$8=$B18), 0)), 0) + 1, MATCH(1, (Data_Input!$7:$7=$F$3)*(Data_Input!$8:$8=$B18), 0)),"")} | H18: {=IFERROR(INDEX(Data_Input!$A$1:$ZZ$502, MATCH("매입금액", INDEX(Data_Input!$A$1:$ZZ$502, 0, MATCH(1, (Data_Input!$7:$7=$F$3)*(Data_Input!$8:$8=$B18), 0)), 0) + 1, MATCH(1, (Data_Input!$7:$7=$F$3)*(Data_Input!$8:$8=$B18), 0)),"")} | I18: {=IFERROR(INDEX(Data_Input!$A$1:$ZZ$502, MATCH("평가금액", INDEX(Data_Input!$A$1:$ZZ$502, 0, MATCH(1, (Data_Input!$7:$7=$F$3)*(Data_Input!$8:$8=$B18), 0)), 0) + 1, MATCH(1, (Data_Input!$7:$7=$F$3)*(Data_Input!$8:$8=$B18), 0)),"")} | J18: {=IFERROR(INDEX(Data_Input!$A$1:$ZZ$502, MATCH("평가손익", INDEX(Data_Input!$A$1:$ZZ$502, 0, MATCH(1, (Data_Input!$7:$7=$F$3)*(Data_Input!$8:$8=$B18), 0)), 0) + 1, MATCH(1, (Data_Input!$7:$7=$F$3)*(Data_Input!$8:$8=$B18), 0)),"")} | K18: {=IFERROR(INDEX(Data_Input!$A$1:$ZZ$502, MATCH("총수익률", INDEX(Data_Input!$A$1:$ZZ$502, 0, MATCH(1, (Data_Input!$7:$7=$F$3)*(Data_Input!$8:$8=$B18), 0)), 0) + 1, MATCH(1, (Data_Input!$7:$7=$F$3)*(Data_Input!$8:$8=$B18), 0)),"")} | L18: {=IFERROR(_xlfn.LET( _xlpm.targetDate, B18, _xlpm.colIdx, MATCH(1, (Data_Input!$7:$7=$F$3) * (Data_Input!$8:$8=_xlpm.targetDate), 0), _xlpm.allData, INDEX(Data_Input!$1:$1002, 34, _xlpm.colIdx):INDEX(Data_Input!$1:$1002, 1000, _xlpm.colIdx), _xlpm.markedData, _xlfn.MAP(_xlfn.SEQUENCE(ROWS(_xlpm.allData)), _xlfn.LAMBDA(_xlpm.r, _xlfn.LET( _xlpm.checkRange, INDEX(_xlpm.allData, MAX(1, _xlpm.r-3)):INDEX(_xlpm.allData, _xlpm.r), _xlpm.isSubtotalInBlock, OR(_xlfn.MAP(_xlpm.checkRange, _xlfn.LAMBDA(_xlpm.v, ISNUMBER(SEARCH("소계", _xlpm.v))))), IF(_xlpm.isSubtotalInBlock, "SKIP", INDEX(_xlpm.allData, _xlpm.r)) ) )), _xlpm.validData, _xlfn._xlws.FILTER(_xlpm.markedData, (_xlpm.markedData <> "SKIP") * (_xlpm.markedData <> "")), _xlfn.TOROW(_xlpm.validData) ),"")}
... A399: =IF(B399>0,A398+1,"") | C399: =IF(B399>0,C398,"") | D399: {=IFERROR(INDEX(Data_Input!$10:$10,MATCH(1,(Data_Input!$7:$7=$F$3)*(Data_Input!$8:$8=$B399),0)),"")} | E399: {=IFERROR(INDEX(Data_Input!$1:$100, 9, MATCH(1, (Data_Input!$7:$7=$F$3) * (Data_Input!$8:$8=$B399), 0)),"")} | F399: {=IFERROR(INDEX(Data_Input!$A$1:$ZZ$502, MATCH("예수금", INDEX(Data_Input!$A$1:$ZZ$502, 0, MATCH(1, (Data_Input!$7:$7=$F$3)*(Data_Input!$8:$8=$B399), 0)), 0) + 1, MATCH(1, (Data_Input!$7:$7=$F$3)*(Data_Input!$8:$8=$B399), 0)),"")} | G399: {=IFERROR(INDEX(Data_Input!$A$1:$ZZ$502, MATCH("총자산", INDEX(Data_Input!$A$1:$ZZ$502, 0, MATCH(1, (Data_Input!$7:$7=$F$3)*(Data_Input!$8:$8=$B399), 0)), 0) + 1, MATCH(1, (Data_Input!$7:$7=$F$3)*(Data_Input!$8:$8=$B399), 0)),"")} | H399: {=IFERROR(INDEX(Data_Input!$A$1:$ZZ$502, MATCH("매입금액", INDEX(Data_Input!$A$1:$ZZ$502, 0, MATCH(1, (Data_Input!$7:$7=$F$3)*(Data_Input!$8:$8=$B399), 0)), 0) + 1, MATCH(1, (Data_Input!$7:$7=$F$3)*(Data_Input!$8:$8=$B399), 0)),"")} | I399: {=IFERROR(INDEX(Data_Input!$A$1:$ZZ$502, MATCH("평가금액", INDEX(Data_Input!$A$1:$ZZ$502, 0, MATCH(1, (Data_Input!$7:$7=$F$3)*(Data_Input!$8:$8=$B399), 0)), 0) + 1, MATCH(1, (Data_Input!$7:$7=$F$3)*(Data_Input!$8:$8=$B399), 0)),"")} | J399: {=IFERROR(INDEX(Data_Input!$A$1:$ZZ$502, MATCH("평가손익", INDEX(Data_Input!$A$1:$ZZ$502, 0, MATCH(1, (Data_Input!$7:$7=$F$3)*(Data_Input!$8:$8=$B399), 0)), 0) + 1, MATCH(1, (Data_Input!$7:$7=$F$3)*(Data_Input!$8:$8=$B399), 0)),"")} | K399: {=IFERROR(INDEX(Data_Input!$A$1:$ZZ$502, MATCH("총수익률", INDEX(Data_Input!$A$1:$ZZ$502, 0, MATCH(1, (Data_Input!$7:$7=$F$3)*(Data_Input!$8:$8=$B399), 0)), 0) + 1, MATCH(1, (Data_Input!$7:$7=$F$3)*(Data_Input!$8:$8=$B399), 0)),"")} | L399: {=IFERROR(_xlfn.LET( _xlpm.targetDate, B399, _xlpm.colIdx, MATCH(1, (Data_Input!$7:$7=$F$3) * (Data_Input!$8:$8=_xlpm.targetDate), 0), _xlpm.allData, INDEX(Data_Input!$1:$1002, 34, _xlpm.colIdx):INDEX(Data_Input!$1:$1002, 1000, _xlpm.colIdx), _xlpm.markedData, _xlfn.MAP(_xlfn.SEQUENCE(ROWS(_xlpm.allData)), _xlfn.LAMBDA(_xlpm.r, _xlfn.LET( _xlpm.checkRange, INDEX(_xlpm.allData, MAX(1, _xlpm.r-3)):INDEX(_xlpm.allData, _xlpm.r), _xlpm.isSubtotalInBlock, OR(_xlfn.MAP(_xlpm.checkRange, _xlfn.LAMBDA(_xlpm.v, ISNUMBER(SEARCH("소계", _xlpm.v))))), IF(_xlpm.isSubtotalInBlock, "SKIP", INDEX(_xlpm.allData, _xlpm.r)) ) )), _xlpm.validData, _xlfn._xlws.FILTER(_xlpm.markedData, (_xlpm.markedData <> "SKIP") * (_xlpm.markedData <> "")), _xlfn.TOROW(_xlpm.validData) ),"")}

Sheet DB_IRP_History
A3: DB_IRP_HISTORY | E3: 상품종류 : | F3: IRP
A5: NO. | B5: 조회일 | C5: 계좌번호 | D5: 납입원금 | E5: 월납입액 | F5: 플랜번호 | G5: 플랜명 | H5: 평가금액 | I5: 평가손익 | J5: 누적수익률 | K5: 상품유형 | L5: 상품명 | M5: 수량 | N5: 기준가(이율) | O5: 평가금액 | P5: 매입금액 | Q5: 총입금액 | R5: 총출금액 | S5: 증거금액(수량) | T5: 매수일자 | U5: 만기일 | V5: 수익률 | W5: 상품유형 | X5: 상품명 | Y5: 수량 | Z5: 기준가(이율) | AA5: 평가금액 | AB5: 매입금액 | AC5: 총입금액 | AD5: 총출금액 | AE5: 증거금액(수량) | AF5: 매수일자 | AG5: 만기일 | AH5: 수익률 | AI5: 상품유형 | AJ5: 상품명 | AK5: 수량 | AL5: 기준가(이율) | AM5: 평가금액 | AN5: 매입금액 | AO5: 총입금액 | AP5: 총출금액 | AQ5: 증거금액(수량) | AR5: 매수일자 | AS5: 만기일 | AT5: 수익률 | AU5: 상품유형 | AV5: 상품명 | AW5: 수량 | AX5: 기준가(이율) | AY5: 평가금액 | AZ5: 매입금액 | BA5: 총입금액 | BB5: 총출금액 | BC5: 증거금액(수량) | BD5: 매수일자 | BE5: 만기일 | BF5: 수익률 | BG5: 상품유형 | BH5: 상품명 | BI5: 수량 | BJ5: 기준가(이율) | BK5: 평가금액 | BL5: 매입금액 | BM5: 총입금액 | BN5: 총출금액 | BO5: 증거금액(수량) | BP5: 매수일자 | BQ5: 만기일 | BR5: 수익률 | BS5: 상품유형 | BT5: 상품명 | BU5: 수량 | BV5: 기준가(이율) | BW5: 평가금액 | BX5: 매입금액 | BY5: 총입금액 | BZ5: 총출금액 | CA5: 증거금액(수량) | CB5: 매수일자 | CC5: 만기일 | CD5: 수익률 | CE5: 상품유형 | CF5: 상품명 | CG5: 수량 | CH5: 기준가(이율) | CI5: 평가금액 | CJ5: 매입금액 | CK5: 총입금액 | CL5: 총출금액 | CM5: 증거금액(수량) | CN5: 매수일자 | CO5: 만기일 | CP5: 수익률 | CQ5: 상품유형 | CR5: 상품명 | CS5: 수량 | CT5: 기준가(이율) | CU5: 평가금액 | CV5: 매입금액 | CW5: 총입금액 | CX5: 총출금액 | CY5: 증거금액(수량) | CZ5: 매수일자 | DA5: 만기일 | DB5: 수익률 | DC5: 상품유형 | DD5: 상품명 | DE5: 수량 | DF5: 기준가(이율) | DG5: 평가금액 | DH5: 매입금액 | DI5: 총입금액 | DJ5: 총출금액 | DK5: 증거금액(수량) | DL5: 매수일자 | DM5: 만기일 | DN5: 수익률 | DO5: 상품유형 | DP5: 상품명 | DQ5: 수량 | DR5: 기준가(이율) | DS5: 평가금액 | DT5: 매입금액 | DU5: 총입금액 | DV5: 총출금액 | DW5: 증거금액(수량) | DX5: 매수일자 | DY5: 만기일 | DZ5: 수익률 | EA5: 상품유형 | EB5: 상품명 | EC5: 수량 | ED5: 기준가(이율) | EE5: 평가금액 | EF5: 매입금액 | EG5: 총입금액 | EH5: 총출금액 | EI5: 증거금액(수량) | EJ5: 매수일자 | EK5: 만기일 | EL5: 수익률 | EM5: 상품유형 | EN5: 상품명 | EO5: 수량 | EP5: 기준가(이율) | EQ5: 평가금액 | ER5: 매입금액 | ES5: 총입금액 | ET5: 총출금액 | EU5: 증거금액(수량) | EV5: 매수일자 | EW5: 만기일 | EX5: 수익률 | EY5: 상품유형 | EZ5: 상품명 | FA5: 수량 | FB5: 기준가(이율) | FC5: 평가금액 | FD5: 매입금액 | FE5: 총입금액 | FF5: 총출금액 | FG5: 증거금액(수량) | FH5: 매수일자 | FI5: 만기일 | FJ5: 수익률 | FK5: 상품유형 | FL5: 상품명 | FM5: 수량 | FN5: 기준가(이율) | FO5: 평가금액 | FP5: 매입금액 | FQ5: 총입금액 | FR5: 총출금액 | FS5: 증거금액(수량) | FT5: 매수일자 | FU5: 만기일 | FV5: 수익률 | FW5: 상품유형 | FX5: 상품명 | FY5: 수량 | FZ5: 기준가(이율) | GA5: 평가금액 | GB5: 매입금액 | GC5: 총입금액 | GD5: 총출금액 | GE5: 증거금액(수량) | GF5: 매수일자 | GG5: 만기일 | GH5: 수익률 | GI5: 상품유형 | GJ5: 상품명 | GK5: 수량 | GL5: 기준가(이율) | GM5: 평가금액 | GN5: 매입금액 | GO5: 총입금액 | GP5: 총출금액 | GQ5: 증거금액(수량) | GR5: 매수일자 | GS5: 만기일 | GT5: 수익률 | GU5: 상품유형 | GV5: 상품명 | GW5: 수량 | GX5: 기준가(이율) | GY5: 평가금액 | GZ5: 매입금액 | HA5: 총입금액 | HB5: 총출금액 | HC5: 증거금액(수량) | HD5: 매수일자 | HE5: 만기일 | HF5: 수익률 | HG5: 상품유형 | HH5: 상품명 | HI5: 수량 | HJ5: 기준가(이율) | HK5: 평가금액 | HL5: 매입금액 | HM5: 총입금액 | HN5: 총출금액 | HO5: 증거금액(수량) | HP5: 매수일자 | HQ5: 만기일 | HR5: 수익률 | HS5: 상품유형 | HT5: 상품명 | HU5: 수량 | HV5: 기준가(이율) | HW5: 평가금액 | HX5: 매입금액 | HY5: 총입금액 | HZ5: 총출금액 | IA5: 증거금액(수량) | IB5: 매수일자 | IC5: 만기일 | ID5: 수익률 | IE5: 상품유형 | IF5: 상품명 | IG5: 수량 | IH5: 기준가(이율) | II5: 평가금액 | IJ5: 매입금액 | IK5: 총입금액 | IL5: 총출금액 | IM5: 증거금액(수량) | IN5: 매수일자 | IO5: 만기일 | IP5: 수익률
A6: 1 | B6: {=IFERROR(_xlfn._xlws.SORT(_xlfn.TOCOL(_xlfn.UNIQUE(_xlfn._xlws.FILTER(Data_Input!$B$8:$ZZ$8,Data_Input!$B$7:$ZZ$7=$F$3))),1,1),"")} -> 45992 | C6: =IF(B6>0,IF($F$3=Data_Input!$I$2,Data_Input!$C$2, IF($F$3=Data_Input!$I$3,Data_Input!$C$3,IF($F$3=Data_Input!$I$4,Data_Input!$C$4,""))),"") -> 204-03-53***8 | D6: {=IFERROR(INDEX(Data_Input!$1:$100, 10, MATCH(1, (Data_Input!$7:$7=$F$3) * (Data_Input!$8:$8=$B6), 0)), "")} -> 0 | E6: {=IFERROR(INDEX(Data_Input!$1:$100, 9, MATCH(1, (Data_Input!$7:$7=$F$3) * (Data_Input!$8:$8=$B6), 0)),"")} -> 0 | F6: {=IFERROR(INDEX(Data_Input!$A$1:$ZZ$502, MATCH("플랜번호", INDEX(Data_Input!$A$1:$ZZ$502, 0, MATCH(1, (Data_Input!$7:$7="IRP")*(Data_Input!$8:$8=$B6), 0)), 0) + 1, MATCH(1, (Data_Input!$7:$7=$F$3)*(Data_Input!$8:$8=$B6), 0)),"")} -> S0124210712831 | G6: {=IFERROR(INDEX(Data_Input!$A$1:$ZZ$502, MATCH("플랜명", INDEX(Data_Input!$A$1:$ZZ$502, 0, MATCH(1, (Data_Input!$7:$7="IRP")*(Data_Input!$8:$8=$B6), 0)), 0) + 1, MATCH(1, (Data_Input!$7:$7=$F$3)*(Data_Input!$8:$8=$B6), 0)),"")} -> 김명화_개인IRP | H6: {=IFERROR(INDEX(Data_Input!$A$1:$ZZ$502, MATCH("평가금액", INDEX(Data_Input!$A$1:$ZZ$502, 0, MATCH(1, (Data_Input!$7:$7="IRP")*(Data_Input!$8:$8=$B6), 0)), 0) + 1, MATCH(1, (Data_Input!$7:$7=$F$3)*(Data_Input!$8:$8=$B6), 0)),"")} -> 116370580 | I6: {=IFERROR(INDEX(Data_Input!$A$1:$ZZ$502, MATCH("평가손익", INDEX(Data_Input!$A$1:$ZZ$502, 0, MATCH(1, (Data_Input!$7:$7="IRP")*(Data_Input!$8:$8=$B6), 0)), 0) + 1, MATCH(1, (Data_Input!$7:$7=$F$3)*(Data_Input!$8:$8=$B6), 0)),"")} -> 20742418 | J6: {=IFERROR(INDEX(Data_Input!$A$1:$ZZ$502, MATCH("누적수익률", INDEX(Data_Input!$A$1:$ZZ$502, 0, MATCH(1, (Data_Input!$7:$7="IRP")*(Data_Input!$8:$8=$B6), 0)), 0) + 1, MATCH(1, (Data_Input!$7:$7=$F$3)*(Data_Input!$8:$8=$B6), 0))/100,"")} -> 0.3724 | K6: {=IFERROR(_xlfn.LET( _xlpm.targetDate, B6, _xlpm.colIdx, MATCH(1, (Data_Input!$7:$7=$F$3) * (Data_Input!$8:$8=_xlpm.targetDate), 0), _xlpm.allData, INDEX(Data_Input!$1:$1002, 33, _xlpm.colIdx):INDEX(Data_Input!$1:$1002, 1000, _xlpm.colIdx), _xlpm.validData, _xlfn._xlws.FILTER(_xlpm.allData, _xlpm.allData <> ""), _xlpm.finalData, _xlfn.MAP(_xlfn.SEQUENCE(ROWS(_xlpm.validData)), _xlfn.LAMBDA(_xlpm.r, _xlfn.LET( _xlpm.curr, INDEX(_xlpm.validData, _xlpm.r), _xlpm.next, IF(_xlpm.r=ROWS(_xlpm.validData), "END", INDEX(_xlpm.validData, _xlpm.r+1)), IF(AND(ISNUMBER(_xlpm.curr), ISTEXT(_xlpm.next)), _xlpm.curr/100, _xlpm.curr) ) )), _xlfn.TOROW(_xlpm.finalData) ),"")} -> 수익증권 | L6: 미래에셋인도중소형포커스증권자투자신탁1호(주식)C-P2e | M6: 1743983 | N6: 3248.72 | O6: 5665713 | P6: 5570000 | Q6: 5570000 | R6: 0 | S6: 0 | T6: - | U6: - | V6: 0.01718 | W6: 수익증권 | X6: 마이다스책임투자증권투자신탁(주식)C-Pe2 | Y6: 7627192 | Z6: 2471.58 | AA6: 18851220 | AB6: 11110352 | AC6: 13051372 | AD6: 2981193 | AE6: 0 | AF6: - | AG6: - | AH6: 0.69673 | AI6: 수익증권 | AJ6: AB미국그로스증권투자신탁(주식-재간접형)Ce-P2 | AK6: 7852261 | AL6: 2942.86 | AM6: 23108108 | AN6: 18090735 | AO6: 36715755 | AP6: 20189462 | AQ6: 0 | AR6: - | AS6: - | AT6: 0.27734 | AU6: 수익증권 | AV6: 한국투자연금베트남증권자투자신탁(주식혼합)C-Re | AW6: 8790361 | AX6: 1179.35 | AY6: 10366913 | AZ6: 10250000 | BA6: 10250000 | BB6: 0 | BC6: 0 | BD6: - | BE6: - | BF6: 0.01141 | BG6: 수익증권 | BH6: 우리하이플러스채권증권자투자신탁1호(채권)C-Pe | BI6: 14191487 | BJ6: 1040.3 | BK6: 14763406 | BL6: 12860000 | BM6: 13385000 | BN6: 525814 | BO6: 0 | BP6: - | BQ6: - | BR6: 0.14801 | BS6: 수익증권 | BT6: 한국투자글로벌AI&반도체TOP10증권자투자신탁UH(주식)C-Re | BU6: 7932805 | BV6: 2837.16 | BW6: 22506638 | BX6: 22780000 | BY6: 22780000 | BZ6: 0 | CA6: 0 | CB6: - | CC6: - | CD6: -0.012 | CE6: ETF | CF6: ACE 미국30년국채액티브(H) | CG6: 1410 | CH6: 7850 | CI6: 11068500 | CJ6: 11611350 | CK6: 0 | CL6: 0 | CM6: 0 | CN6: - | CO6: - | CP6: -0.04675 | CQ6: 현금성자산(원화) | CR6: 자동운용상품(고유계정대) | CS6: 0 | CT6: 0 | CU6: 10040082 | CV6: 10040082 | CW6: 0 | CX6: 0 | CY6: 0 | CZ6: - | DA6: - | DB6: 0
A7: =IF(B7>0,A6+1,"") -> 2 | B7: 46023 | C7: =IF(B7>0,C6,"") -> 204-03-53***8 | D7: {=IFERROR(INDEX(Data_Input!$1:$100, 10, MATCH(1, (Data_Input!$7:$7=$F$3) * (Data_Input!$8:$8=$B7), 0)), "")} -> 80000000 | E7: {=IFERROR(INDEX(Data_Input!$1:$100, 9, MATCH(1, (Data_Input!$7:$7=$F$3) * (Data_Input!$8:$8=$B7), 0)),"")} -> 300000 | F7: {=IFERROR(INDEX(Data_Input!$A$1:$ZZ$502, MATCH("플랜번호", INDEX(Data_Input!$A$1:$ZZ$502, 0, MATCH(1, (Data_Input!$7:$7="IRP")*(Data_Input!$8:$8=$B7), 0)), 0) + 1, MATCH(1, (Data_Input!$7:$7=$F$3)*(Data_Input!$8:$8=$B7), 0)),"")} -> S0124210712831 | G7: {=IFERROR(INDEX(Data_Input!$A$1:$ZZ$502, MATCH("플랜명", INDEX(Data_Input!$A$1:$ZZ$502, 0, MATCH(1, (Data_Input!$7:$7="IRP")*(Data_Input!$8:$8=$B7), 0)), 0) + 1, MATCH(1, (Data_Input!$7:$7=$F$3)*(Data_Input!$8:$8=$B7), 0)),"")} -> 김명화_개인IRP | H7: {=IFERROR(INDEX(Data_Input!$A$1:$ZZ$502, MATCH("평가금액", INDEX(Data_Input!$A$1:$ZZ$502, 0, MATCH(1, (Data_Input!$7:$7="IRP")*(Data_Input!$8:$8=$B7), 0)), 0) + 1, MATCH(1, (Data_Input!$7:$7=$F$3)*(Data_Input!$8:$8=$B7), 0)),"")} -> 117707779 | I7: {=IFERROR(INDEX(Data_Input!$A$1:$ZZ$502, MATCH("평가손익", INDEX(Data_Input!$A$1:$ZZ$502, 0, MATCH(1, (Data_Input!$7:$7="IRP")*(Data_Input!$8:$8=$B7), 0)), 0) + 1, MATCH(1, (Data_Input!$7:$7=$F$3)*(Data_Input!$8:$8=$B7), 0)),"")} -> 21829617 | J7: {=IFERROR(INDEX(Data_Input!$A$1:$ZZ$502, MATCH("누적수익률", INDEX(Data_Input!$A$1:$ZZ$502, 0, MATCH(1, (Data_Input!$7:$7="IRP")*(Data_Input!$8:$8=$B7), 0)), 0) + 1, MATCH(1, (Data_Input!$7:$7=$F$3)*(Data_Input!$8:$8=$B7), 0))/100,"")} -> 0.3892 | K7: {=IFERROR(_xlfn.LET( _xlpm.targetDate, B7, _xlpm.colIdx, MATCH(1, (Data_Input!$7:$7=$F$3) * (Data_Input!$8:$8=_xlpm.targetDate), 0), _xlpm.allData, INDEX(Data_Input!$1:$1002, 33, _xlpm.colIdx):INDEX(Data_Input!$1:$1002, 1000, _xlpm.colIdx), _xlpm.validData, _xlfn._xlws.FILTER(_xlpm.allData, _xlpm.allData <> ""), _xlpm.finalData, _xlfn.MAP(_xlfn.SEQUENCE(ROWS(_xlpm.validData)), _xlfn.LAMBDA(_xlpm.r, _xlfn.LET( _xlpm.curr, INDEX(_xlpm.validData, _xlpm.r), _xlpm.next, IF(_xlpm.r=ROWS(_xlpm.validData), "END", INDEX(_xlpm.validData, _xlpm.r+1)), IF(AND(ISNUMBER(_xlpm.curr), ISTEXT(_xlpm.next)), _xlpm.curr/100, _xlpm.curr) ) )), _xlfn.TOROW(_xlpm.finalData) ),"")} -> 수익증권 | L7: 미래에셋인도중소형포커스증권자투자신탁1호(주식)C-P2e | M7: 1743983 | N7: 3107.13 | O7: 5418782 | P7: 5570000 | Q7: 5570000 | R7: 0 | S7: 0 | T7: - | U7: - | V7: -0.02715 | W7: 수익증권 | X7: 마이다스책임투자증권투자신탁(주식)C-Pe2 | Y7: 7627192 | Z7: 2649.32 | AA7: 20206876 | AB7: 11110352 | AC7: 13051372 | AD7: 2981193 | AE7: 0 | AF7: - | AG7: - | AH7: 0.81874 | AI7: 수익증권 | AJ7: AB미국그로스증권투자신탁(주식-재간접형)Ce-P2 | AK7: 7852261 | AL7: 2932.42 | AM7: 23026130 | AN7: 18090735 | AO7: 36715755 | AP7: 20189462 | AQ7: 0 | AR7: - | AS7: - | AT7: 0.27281 | AU7: 수익증권 | AV7: 한국투자연금베트남증권자투자신탁(주식혼합)C-Re | AW7: 10546825 | AX7: 1016.58 | AY7: 10721693 | AZ7: 10250000 | BA7: 10250000 | BB7: 0 | BC7: 0 | BD7: - | BE7: - | BF7: 0.04602 | BG7: 수익증권 | BH7: 우리하이플러스채권증권자투자신탁1호(채권)C-Pe | BI7: 14191487 | BJ7: 1043.73 | BK7: 14812084 | BL7: 12860000 | BM7: 13385000 | BN7: 525814 | BO7: 0 | BP7: - | BQ7: - | BR7: 0.1518 | BS7: 수익증권 | BT7: 한국투자글로벌AI&반도체TOP10증권자투자신탁UH(주식)C-Re | BU7: 7932805 | BV7: 2817.08 | BW7: 22347347 | BX7: 22780000 | BY7: 22780000 | BZ7: 0 | CA7: 0 | CB7: - | CC7: - | CD7: -0.01899 | CE7: ETF | CF7: ACE 미국30년국채액티브(H) | CG7: 1410 | CH7: 7680 | CI7: 10828800 | CJ7: 11611350 | CK7: 0 | CL7: 0 | CM7: 0 | CN7: - | CO7: - | CP7: -0.0674 | CQ7: 현금성자산(원화) | CR7: 자동운용상품(고유계정대) | CS7: 0 | CT7: 0 | CU7: 10346067 | CV7: 10346067 | CW7: 0 | CX7: 0 | CY7: 0 | CZ7: - | DA7: - | DB7: 0
A8: =IF(B8>0,A7+1,"") -> 3 | B8: 46064 | C8: =IF(B8>0,C7,"") -> 204-03-53***8 | D8: {=IFERROR(INDEX(Data_Input!$1:$100, 10, MATCH(1, (Data_Input!$7:$7=$F$3) * (Data_Input!$8:$8=$B8), 0)), "")} -> 80000000 | E8: {=IFERROR(INDEX(Data_Input!$1:$100, 9, MATCH(1, (Data_Input!$7:$7=$F$3) * (Data_Input!$8:$8=$B8), 0)),"")} -> 300000 | F8: {=IFERROR(INDEX(Data_Input!$A$1:$ZZ$502, MATCH("플랜번호", INDEX(Data_Input!$A$1:$ZZ$502, 0, MATCH(1, (Data_Input!$7:$7="IRP")*(Data_Input!$8:$8=$B8), 0)), 0) + 1, MATCH(1, (Data_Input!$7:$7=$F$3)*(Data_Input!$8:$8=$B8), 0)),"")} -> S0124210712831 | G8: {=IFERROR(INDEX(Data_Input!$A$1:$ZZ$502, MATCH("플랜명", INDEX(Data_Input!$A$1:$ZZ$502, 0, MATCH(1, (Data_Input!$7:$7="IRP")*(Data_Input!$8:$8=$B8), 0)), 0) + 1, MATCH(1, (Data_Input!$7:$7=$F$3)*(Data_Input!$8:$8=$B8), 0)),"")} -> 김명화_개인IRP | H8: {=IFERROR(INDEX(Data_Input!$A$1:$ZZ$502, MATCH("평가금액", INDEX(Data_Input!$A$1:$ZZ$502, 0, MATCH(1, (Data_Input!$7:$7="IRP")*(Data_Input!$8:$8=$B8), 0)), 0) + 1, MATCH(1, (Data_Input!$7:$7=$F$3)*(Data_Input!$8:$8=$B8), 0)),"")} -> 122628271 | I8: {=IFERROR(INDEX(Data_Input!$A$1:$ZZ$502, MATCH("평가손익", INDEX(Data_Input!$A$1:$ZZ$502, 0, MATCH(1, (Data_Input!$7:$7="IRP")*(Data_Input!$8:$8=$B8), 0)), 0) + 1, MATCH(1, (Data_Input!$7:$7=$F$3)*(Data_Input!$8:$8=$B8), 0)),"")} -> 26500109 | J8: {=IFERROR(INDEX(Data_Input!$A$1:$ZZ$502, MATCH("누적수익률", INDEX(Data_Input!$A$1:$ZZ$502, 0, MATCH(1, (Data_Input!$7:$7="IRP")*(Data_Input!$8:$8=$B8), 0)), 0) + 1, MATCH(1, (Data_Input!$7:$7=$F$3)*(Data_Input!$8:$8=$B8), 0))/100,"")} -> 0.4678 | K8: {=IFERROR(_xlfn.LET( _xlpm.targetDate, B8, _xlpm.colIdx, MATCH(1, (Data_Input!$7:$7=$F$3) * (Data_Input!$8:$8=_xlpm.targetDate), 0), _xlpm.allData, INDEX(Data_Input!$1:$1002, 33, _xlpm.colIdx):INDEX(Data_Input!$1:$1002, 1000, _xlpm.colIdx), _xlpm.validData, _xlfn._xlws.FILTER(_xlpm.allData, _xlpm.allData <> ""), _xlpm.finalData, _xlfn.MAP(_xlfn.SEQUENCE(ROWS(_xlpm.validData)), _xlfn.LAMBDA(_xlpm.r, _xlfn.LET( _xlpm.curr, INDEX(_xlpm.validData, _xlpm.r), _xlpm.next, IF(_xlpm.r=ROWS(_xlpm.validData), "END", INDEX(_xlpm.validData, _xlpm.r+1)), IF(AND(ISNUMBER(_xlpm.curr), ISTEXT(_xlpm.next)), _xlpm.curr/100, _xlpm.curr) ) )), _xlfn.TOROW(_xlpm.finalData) ),"")} -> 수익증권 | L8: 미래에셋인도중소형포커스증권자투자신탁1호(주식)C-P2e | M8: 1743983 | N8: 3092.24 | O8: 5392814 | P8: 5570000 | Q8: 5570000 | R8: 0 | S8: 0 | T8: - | U8: - | V8: -0.03181 | W8: 수익증권 | X8: 마이다스책임투자증권투자신탁(주식)C-Pe2 | Y8: 4017661 | Z8: 3290.15 | AA8: 13218710 | AB8: 5647761 | AC8: 13051372 | AD8: 14041194 | AE8: 0 | AF8: - | AG8: - | AH8: 1.34052 | AI8: 수익증권 | AJ8: AB미국그로스증권투자신탁(주식-재간접형)Ce-P2 | AK8: 6310605 | AL8: 2844.5 | AM8: 17950518 | AN8: 15337523 | AO8: 36715755 | AP8: 24659463 | AQ8: 0 | AR8: - | AS8: - | AT8: 0.17037 | AU8: 수익증권 | AV8: 한국투자연금베트남증권자투자신탁(주식혼합)C-Re | AW8: 10546825 | AX8: 1040.32 | AY8: 10972074 | AZ8: 10250000 | BA8: 10250000 | BB8: 0 | BC8: 0 | BD8: - | BE8: - | BF8: 0.07045 | BG8: 수익증권 | BH8: 우리하이플러스채권증권자투자신탁1호(채권)C-Pe | BI8: 25866799 | BJ8: 1044.09 | BK8: 27007269 | BL8: 25060000 | BM8: 25585000 | BN8: 525814 | BO8: 0 | BP8: - | BQ8: - | BR8: 0.0777 | BS8: 수익증권 | BT8: 한국투자글로벌AI&반도체TOP10증권자투자신탁UH(주식)C-Re | BU8: 7932805 | BV8: 2986.92 | BW8: 23694654 | BX8: 22780000 | BY8: 22780000 | BZ8: 0 | CA8: 0 | CB8: - | CC8: - | CD8: 0.04015 | CE8: ETF | CF8: WON 미국우주항공방산 | CG8: 228 | CH8: 27185 | CI8: 6198180 | CJ8: 6144600 | CK8: 0 | CL8: 0 | CM8: 0 | CN8: - | CO8: - | CP8: 0.00872 | CQ8: ETF | CR8: KODEX 로봇액티브 | CS8: 201 | CT8: 34405 | CU8: 6915405 | CV8: 7363635 | CW8: 0 | CX8: 0 | CY8: 0 | CZ8: - | DA8: - | DB8: -0.06087 | DC8: ETF | DD8: ACE 미국30년국채액티브(H) | DE8: 1410 | DF8: 7635 | DG8: 10765350 | DH8: 11611350 | DI8: 0 | DJ8: 0 | DK8: 0 | DL8: - | DM8: - | DN8: -0.07286 | DO8: 현금성자산(원화) | DP8: 자동운용상품(고유계정대) | DQ8: 0 | DR8: 0 | DS8: 513297 | DT8: 513297 | DU8: 0 | DV8: 0 | DW8: 0 | DX8: - | DY8: - | DZ8: 0
A9: =IF(B9>0,A8+1,"") | C9: =IF(B9>0,C8,"") | D9: {=IFERROR(INDEX(Data_Input!$1:$100, 10, MATCH(1, (Data_Input!$7:$7=$F$3) * (Data_Input!$8:$8=$B9), 0)), "")} | E9: {=IFERROR(INDEX(Data_Input!$1:$100, 9, MATCH(1, (Data_Input!$7:$7=$F$3) * (Data_Input!$8:$8=$B9), 0)),"")} | F9: {=IFERROR(INDEX(Data_Input!$A$1:$ZZ$502, MATCH("플랜번호", INDEX(Data_Input!$A$1:$ZZ$502, 0, MATCH(1, (Data_Input!$7:$7="IRP")*(Data_Input!$8:$8=$B9), 0)), 0) + 1, MATCH(1, (Data_Input!$7:$7=$F$3)*(Data_Input!$8:$8=$B9), 0)),"")} | G9: {=IFERROR(INDEX(Data_Input!$A$1:$ZZ$502, MATCH("플랜명", INDEX(Data_Input!$A$1:$ZZ$502, 0, MATCH(1, (Data_Input!$7:$7="IRP")*(Data_Input!$8:$8=$B9), 0)), 0) + 1, MATCH(1, (Data_Input!$7:$7=$F$3)*(Data_Input!$8:$8=$B9), 0)),"")} | H9: {=IFERROR(INDEX(Data_Input!$A$1:$ZZ$502, MATCH("평가금액", INDEX(Data_Input!$A$1:$ZZ$502, 0, MATCH(1, (Data_Input!$7:$7="IRP")*(Data_Input!$8:$8=$B9), 0)), 0) + 1, MATCH(1, (Data_Input!$7:$7=$F$3)*(Data_Input!$8:$8=$B9), 0)),"")} | I9: {=IFERROR(INDEX(Data_Input!$A$1:$ZZ$502, MATCH("평가손익", INDEX(Data_Input!$A$1:$ZZ$502, 0, MATCH(1, (Data_Input!$7:$7="IRP")*(Data_Input!$8:$8=$B9), 0)), 0) + 1, MATCH(1, (Data_Input!$7:$7=$F$3)*(Data_Input!$8:$8=$B9), 0)),"")} | J9: {=IFERROR(INDEX(Data_Input!$A$1:$ZZ$502, MATCH("누적수익률", INDEX(Data_Input!$A$1:$ZZ$502, 0, MATCH(1, (Data_Input!$7:$7="IRP")*(Data_Input!$8:$8=$B9), 0)), 0) + 1, MATCH(1, (Data_Input!$7:$7=$F$3)*(Data_Input!$8:$8=$B9), 0))/100,"")} | K9: {=IFERROR(_xlfn.LET( _xlpm.targetDate, B9, _xlpm.colIdx, MATCH(1, (Data_Input!$7:$7=$F$3) * (Data_Input!$8:$8=_xlpm.targetDate), 0), _xlpm.allData, INDEX(Data_Input!$1:$1002, 33, _xlpm.colIdx):INDEX(Data_Input!$1:$1002, 1000, _xlpm.colIdx), _xlpm.validData, _xlfn._xlws.FILTER(_xlpm.allData, _xlpm.allData <> ""), _xlpm.finalData, _xlfn.MAP(_xlfn.SEQUENCE(ROWS(_xlpm.validData)), _xlfn.LAMBDA(_xlpm.r, _xlfn.LET( _xlpm.curr, INDEX(_xlpm.validData, _xlpm.r), _xlpm.next, IF(_xlpm.r=ROWS(_xlpm.validData), "END", INDEX(_xlpm.validData, _xlpm.r+1)), IF(AND(ISNUMBER(_xlpm.curr), ISTEXT(_xlpm.next)), _xlpm.curr/100, _xlpm.curr) ) )), _xlfn.TOROW(_xlpm.finalData) ),"")}
A10: =IF(B10>0,A9+1,"") | C10: =IF(B10>0,C9,"") | D10: {=IFERROR(INDEX(Data_Input!$1:$100, 10, MATCH(1, (Data_Input!$7:$7=$F$3) * (Data_Input!$8:$8=$B10), 0)), "")} | E10: {=IFERROR(INDEX(Data_Input!$1:$100, 9, MATCH(1, (Data_Input!$7:$7=$F$3) * (Data_Input!$8:$8=$B10), 0)),"")} | F10: {=IFERROR(INDEX(Data_Input!$A$1:$ZZ$502, MATCH("플랜번호", INDEX(Data_Input!$A$1:$ZZ$502, 0, MATCH(1, (Data_Input!$7:$7="IRP")*(Data_Input!$8:$8=$B10), 0)), 0) + 1, MATCH(1, (Data_Input!$7:$7=$F$3)*(Data_Input!$8:$8=$B10), 0)),"")} | G10: {=IFERROR(INDEX(Data_Input!$A$1:$ZZ$502, MATCH("플랜명", INDEX(Data_Input!$A$1:$ZZ$502, 0, MATCH(1, (Data_Input!$7:$7="IRP")*(Data_Input!$8:$8=$B10), 0)), 0) + 1, MATCH(1, (Data_Input!$7:$7=$F$3)*(Data_Input!$8:$8=$B10), 0)),"")} | H10: {=IFERROR(INDEX(Data_Input!$A$1:$ZZ$502, MATCH("평가금액", INDEX(Data_Input!$A$1:$ZZ$502, 0, MATCH(1, (Data_Input!$7:$7="IRP")*(Data_Input!$8:$8=$B10), 0)), 0) + 1, MATCH(1, (Data_Input!$7:$7=$F$3)*(Data_Input!$8:$8=$B10), 0)),"")} | I10: {=IFERROR(INDEX(Data_Input!$A$1:$ZZ$502, MATCH("평가손익", INDEX(Data_Input!$A$1:$ZZ$502, 0, MATCH(1, (Data_Input!$7:$7="IRP")*(Data_Input!$8:$8=$B10), 0)), 0) + 1, MATCH(1, (Data_Input!$7:$7=$F$3)*(Data_Input!$8:$8=$B10), 0)),"")} | J10: {=IFERROR(INDEX(Data_Input!$A$1:$ZZ$502, MATCH("누적수익률", INDEX(Data_Input!$A$1:$ZZ$502, 0, MATCH(1, (Data_Input!$7:$7="IRP")*(Data_Input!$8:$8=$B10), 0)), 0) + 1, MATCH(1, (Data_Input!$7:$7=$F$3)*(Data_Input!$8:$8=$B10), 0))/100,"")} | K10: {=IFERROR(_xlfn.LET( _xlpm.targetDate, B10, _xlpm.colIdx, MATCH(1, (Data_Input!$7:$7=$F$3) * (Data_Input!$8:$8=_xlpm.targetDate), 0), _xlpm.allData, INDEX(Data_Input!$1:$1002, 33, _xlpm.colIdx):INDEX(Data_Input!$1:$1002, 1000, _xlpm.colIdx), _xlpm.validData, _xlfn._xlws.FILTER(_xlpm.allData, _xlpm.allData <> ""), _xlpm.finalData, _xlfn.MAP(_xlfn.SEQUENCE(ROWS(_xlpm.validData)), _xlfn.LAMBDA(_xlpm.r, _xlfn.LET( _xlpm.curr, INDEX(_xlpm.validData, _xlpm.r), _xlpm.next, IF(_xlpm.r=ROWS(_xlpm.validData), "END", INDEX(_xlpm.validData, _xlpm.r+1)), IF(AND(ISNUMBER(_xlpm.curr), ISTEXT(_xlpm.next)), _xlpm.curr/100, _xlpm.curr) ) )), _xlfn.TOROW(_xlpm.finalData) ),"")}
A11: =IF(B11>0,A10+1,"") | C11: =IF(B11>0,C10,"") | D11: {=IFERROR(INDEX(Data_Input!$1:$100, 10, MATCH(1, (Data_Input!$7:$7=$F$3) * (Data_Input!$8:$8=$B11), 0)), "")} | E11: {=IFERROR(INDEX(Data_Input!$1:$100, 9, MATCH(1, (Data_Input!$7:$7=$F$3) * (Data_Input!$8:$8=$B11), 0)),"")} | F11: {=IFERROR(INDEX(Data_Input!$A$1:$ZZ$502, MATCH("플랜번호", INDEX(Data_Input!$A$1:$ZZ$502, 0, MATCH(1, (Data_Input!$7:$7="IRP")*(Data_Input!$8:$8=$B11), 0)), 0) + 1, MATCH(1, (Data_Input!$7:$7=$F$3)*(Data_Input!$8:$8=$B11), 0)),"")} | G11: {=IFERROR(INDEX(Data_Input!$A$1:$ZZ$502, MATCH("플랜명", INDEX(Data_Input!$A$1:$ZZ$502, 0, MATCH(1, (Data_Input!$7:$7="IRP")*(Data_Input!$8:$8=$B11), 0)), 0) + 1, MATCH(1, (Data_Input!$7:$7=$F$3)*(Data_Input!$8:$8=$B11), 0)),"")} | H11: {=IFERROR(INDEX(Data_Input!$A$1:$ZZ$502, MATCH("평가금액", INDEX(Data_Input!$A$1:$ZZ$502, 0, MATCH(1, (Data_Input!$7:$7="IRP")*(Data_Input!$8:$8=$B11), 0)), 0) + 1, MATCH(1, (Data_Input!$7:$7=$F$3)*(Data_Input!$8:$8=$B11), 0)),"")} | I11: {=IFERROR(INDEX(Data_Input!$A$1:$ZZ$502, MATCH("평가손익", INDEX(Data_Input!$A$1:$ZZ$502, 0, MATCH(1, (Data_Input!$7:$7="IRP")*(Data_Input!$8:$8=$B11), 0)), 0) + 1, MATCH(1, (Data_Input!$7:$7=$F$3)*(Data_Input!$8:$8=$B11), 0)),"")} | J11: {=IFERROR(INDEX(Data_Input!$A$1:$ZZ$502, MATCH("누적수익률", INDEX(Data_Input!$A$1:$ZZ$502, 0, MATCH(1, (Data_Input!$7:$7="IRP")*(Data_Input!$8:$8=$B11), 0)), 0) + 1, MATCH(1, (Data_Input!$7:$7=$F$3)*(Data_Input!$8:$8=$B11), 0))/100,"")} | K11: {=IFERROR(_xlfn.LET( _xlpm.targetDate, B11, _xlpm.colIdx, MATCH(1, (Data_Input!$7:$7=$F$3) * (Data_Input!$8:$8=_xlpm.targetDate), 0), _xlpm.allData, INDEX(Data_Input!$1:$1002, 33, _xlpm.colIdx):INDEX(Data_Input!$1:$1002, 1000, _xlpm.colIdx), _xlpm.validData, _xlfn._xlws.FILTER(_xlpm.allData, _xlpm.allData <> ""), _xlpm.finalData, _xlfn.MAP(_xlfn.SEQUENCE(ROWS(_xlpm.validData)), _xlfn.LAMBDA(_xlpm.r, _xlfn.LET( _xlpm.curr, INDEX(_xlpm.validData, _xlpm.r), _xlpm.next, IF(_xlpm.r=ROWS(_xlpm.validData), "END", INDEX(_xlpm.validData, _xlpm.r+1)), IF(AND(ISNUMBER(_xlpm.curr), ISTEXT(_xlpm.next)), _xlpm.curr/100, _xlpm.curr) ) )), _xlfn.TOROW(_xlpm.finalData) ),"")}
A12: =IF(B12>0,A11+1,"") | C12: =IF(B12>0,C11,"") | D12: {=IFERROR(INDEX(Data_Input!$1:$100, 10, MATCH(1, (Data_Input!$7:$7=$F$3) * (Data_Input!$8:$8=$B12), 0)), "")} | E12: {=IFERROR(INDEX(Data_Input!$1:$100, 9, MATCH(1, (Data_Input!$7:$7=$F$3) * (Data_Input!$8:$8=$B12), 0)),"")} | F12: {=IFERROR(INDEX(Data_Input!$A$1:$ZZ$502, MATCH("플랜번호", INDEX(Data_Input!$A$1:$ZZ$502, 0, MATCH(1, (Data_Input!$7:$7="IRP")*(Data_Input!$8:$8=$B12), 0)), 0) + 1, MATCH(1, (Data_Input!$7:$7=$F$3)*(Data_Input!$8:$8=$B12), 0)),"")} | G12: {=IFERROR(INDEX(Data_Input!$A$1:$ZZ$502, MATCH("플랜명", INDEX(Data_Input!$A$1:$ZZ$502, 0, MATCH(1, (Data_Input!$7:$7="IRP")*(Data_Input!$8:$8=$B12), 0)), 0) + 1, MATCH(1, (Data_Input!$7:$7=$F$3)*(Data_Input!$8:$8=$B12), 0)),"")} | H12: {=IFERROR(INDEX(Data_Input!$A$1:$ZZ$502, MATCH("평가금액", INDEX(Data_Input!$A$1:$ZZ$502, 0, MATCH(1, (Data_Input!$7:$7="IRP")*(Data_Input!$8:$8=$B12), 0)), 0) + 1, MATCH(1, (Data_Input!$7:$7=$F$3)*(Data_Input!$8:$8=$B12), 0)),"")} | I12: {=IFERROR(INDEX(Data_Input!$A$1:$ZZ$502, MATCH("평가손익", INDEX(Data_Input!$A$1:$ZZ$502, 0, MATCH(1, (Data_Input!$7:$7="IRP")*(Data_Input!$8:$8=$B12), 0)), 0) + 1, MATCH(1, (Data_Input!$7:$7=$F$3)*(Data_Input!$8:$8=$B12), 0)),"")} | J12: {=IFERROR(INDEX(Data_Input!$A$1:$ZZ$502, MATCH("누적수익률", INDEX(Data_Input!$A$1:$ZZ$502, 0, MATCH(1, (Data_Input!$7:$7="IRP")*(Data_Input!$8:$8=$B12), 0)), 0) + 1, MATCH(1, (Data_Input!$7:$7=$F$3)*(Data_Input!$8:$8=$B12), 0))/100,"")} | K12: {=IFERROR(_xlfn.LET( _xlpm.targetDate, B12, _xlpm.colIdx, MATCH(1, (Data_Input!$7:$7=$F$3) * (Data_Input!$8:$8=_xlpm.targetDate), 0), _xlpm.allData, INDEX(Data_Input!$1:$1002, 33, _xlpm.colIdx):INDEX(Data_Input!$1:$1002, 1000, _xlpm.colIdx), _xlpm.validData, _xlfn._xlws.FILTER(_xlpm.allData, _xlpm.allData <> ""), _xlpm.finalData, _xlfn.MAP(_xlfn.SEQUENCE(ROWS(_xlpm.validData)), _xlfn.LAMBDA(_xlpm.r, _xlfn.LET( _xlpm.curr, INDEX(_xlpm.validData, _xlpm.r), _xlpm.next, IF(_xlpm.r=ROWS(_xlpm.validData), "END", INDEX(_xlpm.validData, _xlpm.r+1)), IF(AND(ISNUMBER(_xlpm.curr), ISTEXT(_xlpm.next)), _xlpm.curr/100, _xlpm.curr) ) )), _xlfn.TOROW(_xlpm.finalData) ),"")}
A13: =IF(B13>0,A12+1,"") | C13: =IF(B13>0,C12,"") | D13: {=IFERROR(INDEX(Data_Input!$1:$100, 10, MATCH(1, (Data_Input!$7:$7=$F$3) * (Data_Input!$8:$8=$B13), 0)), "")} | E13: {=IFERROR(INDEX(Data_Input!$1:$100, 9, MATCH(1, (Data_Input!$7:$7=$F$3) * (Data_Input!$8:$8=$B13), 0)),"")} | F13: {=IFERROR(INDEX(Data_Input!$A$1:$ZZ$502, MATCH("플랜번호", INDEX(Data_Input!$A$1:$ZZ$502, 0, MATCH(1, (Data_Input!$7:$7="IRP")*(Data_Input!$8:$8=$B13), 0)), 0) + 1, MATCH(1, (Data_Input!$7:$7=$F$3)*(Data_Input!$8:$8=$B13), 0)),"")} | G13: {=IFERROR(INDEX(Data_Input!$A$1:$ZZ$502, MATCH("플랜명", INDEX(Data_Input!$A$1:$ZZ$502, 0, MATCH(1, (Data_Input!$7:$7="IRP")*(Data_Input!$8:$8=$B13), 0)), 0) + 1, MATCH(1, (Data_Input!$7:$7=$F$3)*(Data_Input!$8:$8=$B13), 0)),"")} | H13: {=IFERROR(INDEX(Data_Input!$A$1:$ZZ$502, MATCH("평가금액", INDEX(Data_Input!$A$1:$ZZ$502, 0, MATCH(1, (Data_Input!$7:$7="IRP")*(Data_Input!$8:$8=$B13), 0)), 0) + 1, MATCH(1, (Data_Input!$7:$7=$F$3)*(Data_Input!$8:$8=$B13), 0)),"")} | I13: {=IFERROR(INDEX(Data_Input!$A$1:$ZZ$502, MATCH("평가손익", INDEX(Data_Input!$A$1:$ZZ$502, 0, MATCH(1, (Data_Input!$7:$7="IRP")*(Data_Input!$8:$8=$B13), 0)), 0) + 1, MATCH(1, (Data_Input!$7:$7=$F$3)*(Data_Input!$8:$8=$B13), 0)),"")} | J13: {=IFERROR(INDEX(Data_Input!$A$1:$ZZ$502, MATCH("누적수익률", INDEX(Data_Input!$A$1:$ZZ$502, 0, MATCH(1, (Data_Input!$7:$7="IRP")*(Data_Input!$8:$8=$B13), 0)), 0) + 1, MATCH(1, (Data_Input!$7:$7=$F$3)*(Data_Input!$8:$8=$B13), 0))/100,"")} | K13: {=IFERROR(_xlfn.LET( _xlpm.targetDate, B13, _xlpm.colIdx, MATCH(1, (Data_Input!$7:$7=$F$3) * (Data_Input!$8:$8=_xlpm.targetDate), 0), _xlpm.allData, INDEX(Data_Input!$1:$1002, 33, _xlpm.colIdx):INDEX(Data_Input!$1:$1002, 1000, _xlpm.colIdx), _xlpm.validData, _xlfn._xlws.FILTER(_xlpm.allData, _xlpm.allData <> ""), _xlpm.finalData, _xlfn.MAP(_xlfn.SEQUENCE(ROWS(_xlpm.validData)), _xlfn.LAMBDA(_xlpm.r, _xlfn.LET( _xlpm.curr, INDEX(_xlpm.validData, _xlpm.r), _xlpm.next, IF(_xlpm.r=ROWS(_xlpm.validData), "END", INDEX(_xlpm.validData, _xlpm.r+1)), IF(AND(ISNUMBER(_xlpm.curr), ISTEXT(_xlpm.next)), _xlpm.curr/100, _xlpm.curr) ) )), _xlfn.TOROW(_xlpm.finalData) ),"")}
A14: =IF(B14>0,A13+1,"") | C14: =IF(B14>0,C13,"") | D14: {=IFERROR(INDEX(Data_Input!$1:$100, 10, MATCH(1, (Data_Input!$7:$7=$F$3) * (Data_Input!$8:$8=$B14), 0)), "")} | E14: {=IFERROR(INDEX(Data_Input!$1:$100, 9, MATCH(1, (Data_Input!$7:$7=$F$3) * (Data_Input!$8:$8=$B14), 0)),"")} | F14: {=IFERROR(INDEX(Data_Input!$A$1:$ZZ$502, MATCH("플랜번호", INDEX(Data_Input!$A$1:$ZZ$502, 0, MATCH(1, (Data_Input!$7:$7="IRP")*(Data_Input!$8:$8=$B14), 0)), 0) + 1, MATCH(1, (Data_Input!$7:$7=$F$3)*(Data_Input!$8:$8=$B14), 0)),"")} | G14: {=IFERROR(INDEX(Data_Input!$A$1:$ZZ$502, MATCH("플랜명", INDEX(Data_Input!$A$1:$ZZ$502, 0, MATCH(1, (Data_Input!$7:$7="IRP")*(Data_Input!$8:$8=$B14), 0)), 0) + 1, MATCH(1, (Data_Input!$7:$7=$F$3)*(Data_Input!$8:$8=$B14), 0)),"")} | H14: {=IFERROR(INDEX(Data_Input!$A$1:$ZZ$502, MATCH("평가금액", INDEX(Data_Input!$A$1:$ZZ$502, 0, MATCH(1, (Data_Input!$7:$7="IRP")*(Data_Input!$8:$8=$B14), 0)), 0) + 1, MATCH(1, (Data_Input!$7:$7=$F$3)*(Data_Input!$8:$8=$B14), 0)),"")} | I14: {=IFERROR(INDEX(Data_Input!$A$1:$ZZ$502, MATCH("평가손익", INDEX(Data_Input!$A$1:$ZZ$502, 0, MATCH(1, (Data_Input!$7:$7="IRP")*(Data_Input!$8:$8=$B14), 0)), 0) + 1, MATCH(1, (Data_Input!$7:$7=$F$3)*(Data_Input!$8:$8=$B14), 0)),"")} | J14: {=IFERROR(INDEX(Data_Input!$A$1:$ZZ$502, MATCH("누적수익률", INDEX(Data_Input!$A$1:$ZZ$502, 0, MATCH(1, (Data_Input!$7:$7="IRP")*(Data_Input!$8:$8=$B14), 0)), 0) + 1, MATCH(1, (Data_Input!$7:$7=$F$3)*(Data_Input!$8:$8=$B14), 0))/100,"")} | K14: {=IFERROR(_xlfn.LET( _xlpm.targetDate, B14, _xlpm.colIdx, MATCH(1, (Data_Input!$7:$7=$F$3) * (Data_Input!$8:$8=_xlpm.targetDate), 0), _xlpm.allData, INDEX(Data_Input!$1:$1002, 33, _xlpm.colIdx):INDEX(Data_Input!$1:$1002, 1000, _xlpm.colIdx), _xlpm.validData, _xlfn._xlws.FILTER(_xlpm.allData, _xlpm.allData <> ""), _xlpm.finalData, _xlfn.MAP(_xlfn.SEQUENCE(ROWS(_xlpm.validData)), _xlfn.LAMBDA(_xlpm.r, _xlfn.LET( _xlpm.curr, INDEX(_xlpm.validData, _xlpm.r), _xlpm.next, IF(_xlpm.r=ROWS(_xlpm.validData), "END", INDEX(_xlpm.validData, _xlpm.r+1)), IF(AND(ISNUMBER(_xlpm.curr), ISTEXT(_xlpm.next)), _xlpm.curr/100, _xlpm.curr) ) )), _xlfn.TOROW(_xlpm.finalData) ),"")}
A15: =IF(B15>0,A14+1,"") | C15: =IF(B15>0,C14,"") | D15: {=IFERROR(INDEX(Data_Input!$1:$100, 10, MATCH(1, (Data_Input!$7:$7=$F$3) * (Data_Input!$8:$8=$B15), 0)), "")} | E15: {=IFERROR(INDEX(Data_Input!$1:$100, 9, MATCH(1, (Data_Input!$7:$7=$F$3) * (Data_Input!$8:$8=$B15), 0)),"")} | F15: {=IFERROR(INDEX(Data_Input!$A$1:$ZZ$502, MATCH("플랜번호", INDEX(Data_Input!$A$1:$ZZ$502, 0, MATCH(1, (Data_Input!$7:$7="IRP")*(Data_Input!$8:$8=$B15), 0)), 0) + 1, MATCH(1, (Data_Input!$7:$7=$F$3)*(Data_Input!$8:$8=$B15), 0)),"")} | G15: {=IFERROR(INDEX(Data_Input!$A$1:$ZZ$502, MATCH("플랜명", INDEX(Data_Input!$A$1:$ZZ$502, 0, MATCH(1, (Data_Input!$7:$7="IRP")*(Data_Input!$8:$8=$B15), 0)), 0) + 1, MATCH(1, (Data_Input!$7:$7=$F$3)*(Data_Input!$8:$8=$B15), 0)),"")} | H15: {=IFERROR(INDEX(Data_Input!$A$1:$ZZ$502, MATCH("평가금액", INDEX(Data_Input!$A$1:$ZZ$502, 0, MATCH(1, (Data_Input!$7:$7="IRP")*(Data_Input!$8:$8=$B15), 0)), 0) + 1, MATCH(1, (Data_Input!$7:$7=$F$3)*(Data_Input!$8:$8=$B15), 0)),"")} | I15: {=IFERROR(INDEX(Data_Input!$A$1:$ZZ$502, MATCH("평가손익", INDEX(Data_Input!$A$1:$ZZ$502, 0, MATCH(1, (Data_Input!$7:$7="IRP")*(Data_Input!$8:$8=$B15), 0)), 0) + 1, MATCH(1, (Data_Input!$7:$7=$F$3)*(Data_Input!$8:$8=$B15), 0)),"")} | J15: {=IFERROR(INDEX(Data_Input!$A$1:$ZZ$502, MATCH("누적수익률", INDEX(Data_Input!$A$1:$ZZ$502, 0, MATCH(1, (Data_Input!$7:$7="IRP")*(Data_Input!$8:$8=$B15), 0)), 0) + 1, MATCH(1, (Data_Input!$7:$7=$F$3)*(Data_Input!$8:$8=$B15), 0))/100,"")} | K15: {=IFERROR(_xlfn.LET( _xlpm.targetDate, B15, _xlpm.colIdx, MATCH(1, (Data_Input!$7:$7=$F$3) * (Data_Input!$8:$8=_xlpm.targetDate), 0), _xlpm.allData, INDEX(Data_Input!$1:$1002, 33, _xlpm.colIdx):INDEX(Data_Input!$1:$1002, 1000, _xlpm.colIdx), _xlpm.validData, _xlfn._xlws.FILTER(_xlpm.allData, _xlpm.allData <> ""), _xlpm.finalData, _xlfn.MAP(_xlfn.SEQUENCE(ROWS(_xlpm.validData)), _xlfn.LAMBDA(_xlpm.r, _xlfn.LET( _xlpm.curr, INDEX(_xlpm.validData, _xlpm.r), _xlpm.next, IF(_xlpm.r=ROWS(_xlpm.validData), "END", INDEX(_xlpm.validData, _xlpm.r+1)), IF(AND(ISNUMBER(_xlpm.curr), ISTEXT(_xlpm.next)), _xlpm.curr/100, _xlpm.curr) ) )), _xlfn.TOROW(_xlpm.finalData) ),"")}
A16: =IF(B16>0,A15+1,"") | C16: =IF(B16>0,C15,"") | D16: {=IFERROR(INDEX(Data_Input!$1:$100, 10, MATCH(1, (Data_Input!$7:$7=$F$3) * (Data_Input!$8:$8=$B16), 0)), "")} | E16: {=IFERROR(INDEX(Data_Input!$1:$100, 9, MATCH(1, (Data_Input!$7:$7=$F$3) * (Data_Input!$8:$8=$B16), 0)),"")} | F16: {=IFERROR(INDEX(Data_Input!$A$1:$ZZ$502, MATCH("플랜번호", INDEX(Data_Input!$A$1:$ZZ$502, 0, MATCH(1, (Data_Input!$7:$7="IRP")*(Data_Input!$8:$8=$B16), 0)), 0) + 1, MATCH(1, (Data_Input!$7:$7=$F$3)*(Data_Input!$8:$8=$B16), 0)),"")} | G16: {=IFERROR(INDEX(Data_Input!$A$1:$ZZ$502, MATCH("플랜명", INDEX(Data_Input!$A$1:$ZZ$502, 0, MATCH(1, (Data_Input!$7:$7="IRP")*(Data_Input!$8:$8=$B16), 0)), 0) + 1, MATCH(1, (Data_Input!$7:$7=$F$3)*(Data_Input!$8:$8=$B16), 0)),"")} | H16: {=IFERROR(INDEX(Data_Input!$A$1:$ZZ$502, MATCH("평가금액", INDEX(Data_Input!$A$1:$ZZ$502, 0, MATCH(1, (Data_Input!$7:$7="IRP")*(Data_Input!$8:$8=$B16), 0)), 0) + 1, MATCH(1, (Data_Input!$7:$7=$F$3)*(Data_Input!$8:$8=$B16), 0)),"")} | I16: {=IFERROR(INDEX(Data_Input!$A$1:$ZZ$502, MATCH("평가손익", INDEX(Data_Input!$A$1:$ZZ$502, 0, MATCH(1, (Data_Input!$7:$7="IRP")*(Data_Input!$8:$8=$B16), 0)), 0) + 1, MATCH(1, (Data_Input!$7:$7=$F$3)*(Data_Input!$8:$8=$B16), 0)),"")} | J16: {=IFERROR(INDEX(Data_Input!$A$1:$ZZ$502, MATCH("누적수익률", INDEX(Data_Input!$A$1:$ZZ$502, 0, MATCH(1, (Data_Input!$7:$7="IRP")*(Data_Input!$8:$8=$B16), 0)), 0) + 1, MATCH(1, (Data_Input!$7:$7=$F$3)*(Data_Input!$8:$8=$B16), 0))/100,"")} | K16: {=IFERROR(_xlfn.LET( _xlpm.targetDate, B16, _xlpm.colIdx, MATCH(1, (Data_Input!$7:$7=$F$3) * (Data_Input!$8:$8=_xlpm.targetDate), 0), _xlpm.allData, INDEX(Data_Input!$1:$1002, 33, _xlpm.colIdx):INDEX(Data_Input!$1:$1002, 1000, _xlpm.colIdx), _xlpm.validData, _xlfn._xlws.FILTER(_xlpm.allData, _xlpm.allData <> ""), _xlpm.finalData, _xlfn.MAP(_xlfn.SEQUENCE(ROWS(_xlpm.validData)), _xlfn.LAMBDA(_xlpm.r, _xlfn.LET( _xlpm.curr, INDEX(_xlpm.validData, _xlpm.r), _xlpm.next, IF(_xlpm.r=ROWS(_xlpm.validData), "END", INDEX(_xlpm.validData, _xlpm.r+1)), IF(AND(ISNUMBER(_xlpm.curr), ISTEXT(_xlpm.next)), _xlpm.curr/100, _xlpm.curr) ) )), _xlfn.TOROW(_xlpm.finalData) ),"")}
A17: =IF(B17>0,A16+1,"") | C17: =IF(B17>0,C16,"") | D17: {=IFERROR(INDEX(Data_Input!$1:$100, 10, MATCH(1, (Data_Input!$7:$7=$F$3) * (Data_Input!$8:$8=$B17), 0)), "")} | E17: {=IFERROR(INDEX(Data_Input!$1:$100, 9, MATCH(1, (Data_Input!$7:$7=$F$3) * (Data_Input!$8:$8=$B17), 0)),"")} | F17: {=IFERROR(INDEX(Data_Input!$A$1:$ZZ$502, MATCH("플랜번호", INDEX(Data_Input!$A$1:$ZZ$502, 0, MATCH(1, (Data_Input!$7:$7="IRP")*(Data_Input!$8:$8=$B17), 0)), 0) + 1, MATCH(1, (Data_Input!$7:$7=$F$3)*(Data_Input!$8:$8=$B17), 0)),"")} | G17: {=IFERROR(INDEX(Data_Input!$A$1:$ZZ$502, MATCH("플랜명", INDEX(Data_Input!$A$1:$ZZ$502, 0, MATCH(1, (Data_Input!$7:$7="IRP")*(Data_Input!$8:$8=$B17), 0)), 0) + 1, MATCH(1, (Data_Input!$7:$7=$F$3)*(Data_Input!$8:$8=$B17), 0)),"")} | H17: {=IFERROR(INDEX(Data_Input!$A$1:$ZZ$502, MATCH("평가금액", INDEX(Data_Input!$A$1:$ZZ$502, 0, MATCH(1, (Data_Input!$7:$7="IRP")*(Data_Input!$8:$8=$B17), 0)), 0) + 1, MATCH(1, (Data_Input!$7:$7=$F$3)*(Data_Input!$8:$8=$B17), 0)),"")} | I17: {=IFERROR(INDEX(Data_Input!$A$1:$ZZ$502, MATCH("평가손익", INDEX(Data_Input!$A$1:$ZZ$502, 0, MATCH(1, (Data_Input!$7:$7="IRP")*(Data_Input!$8:$8=$B17), 0)), 0) + 1, MATCH(1, (Data_Input!$7:$7=$F$3)*(Data_Input!$8:$8=$B17), 0)),"")} | J17: {=IFERROR(INDEX(Data_Input!$A$1:$ZZ$502, MATCH("누적수익률", INDEX(Data_Input!$A$1:$ZZ$502, 0, MATCH(1, (Data_Input!$7:$7="IRP")*(Data_Input!$8:$8=$B17), 0)), 0) + 1, MATCH(1, (Data_Input!$7:$7=$F$3)*(Data_Input!$8:$8=$B17), 0))/100,"")} | K17: {=IFERROR(_xlfn.LET( _xlpm.targetDate, B17, _xlpm.colIdx, MATCH(1, (Data_Input!$7:$7=$F$3) * (Data_Input!$8:$8=_xlpm.targetDate), 0), _xlpm.allData, INDEX(Data_Input!$1:$1002, 33, _xlpm.colIdx):INDEX(Data_Input!$1:$1002, 1000, _xlpm.colIdx), _xlpm.validData, _xlfn._xlws.FILTER(_xlpm.allData, _xlpm.allData <> ""), _xlpm.finalData, _xlfn.MAP(_xlfn.SEQUENCE(ROWS(_xlpm.validData)), _xlfn.LAMBDA(_xlpm.r, _xlfn.LET( _xlpm.curr, INDEX(_xlpm.validData, _xlpm.r), _xlpm.next, IF(_xlpm.r=ROWS(_xlpm.validData), "END", INDEX(_xlpm.validData, _xlpm.r+1)), IF(AND(ISNUMBER(_xlpm.curr), ISTEXT(_xlpm.next)), _xlpm.curr/100, _xlpm.curr) ) )), _xlfn.TOROW(_xlpm.finalData) ),"")}
A18: =IF(B18>0,A17+1,"") | C18: =IF(B18>0,C17,"") | D18: {=IFERROR(INDEX(Data_Input!$1:$100, 10, MATCH(1, (Data_Input!$7:$7=$F$3) * (Data_Input!$8:$8=$B18), 0)), "")} | E18: {=IFERROR(INDEX(Data_Input!$1:$100, 9, MATCH(1, (Data_Input!$7:$7=$F$3) * (Data_Input!$8:$8=$B18), 0)),"")} | F18: {=IFERROR(INDEX(Data_Input!$A$1:$ZZ$502, MATCH("플랜번호", INDEX(Data_Input!$A$1:$ZZ$502, 0, MATCH(1, (Data_Input!$7:$7="IRP")*(Data_Input!$8:$8=$B18), 0)), 0) + 1, MATCH(1, (Data_Input!$7:$7=$F$3)*(Data_Input!$8:$8=$B18), 0)),"")} | G18: {=IFERROR(INDEX(Data_Input!$A$1:$ZZ$502, MATCH("플랜명", INDEX(Data_Input!$A$1:$ZZ$502, 0, MATCH(1, (Data_Input!$7:$7="IRP")*(Data_Input!$8:$8=$B18), 0)), 0) + 1, MATCH(1, (Data_Input!$7:$7=$F$3)*(Data_Input!$8:$8=$B18), 0)),"")} | H18: {=IFERROR(INDEX(Data_Input!$A$1:$ZZ$502, MATCH("평가금액", INDEX(Data_Input!$A$1:$ZZ$502, 0, MATCH(1, (Data_Input!$7:$7="IRP")*(Data_Input!$8:$8=$B18), 0)), 0) + 1, MATCH(1, (Data_Input!$7:$7=$F$3)*(Data_Input!$8:$8=$B18), 0)),"")} | I18: {=IFERROR(INDEX(Data_Input!$A$1:$ZZ$502, MATCH("평가손익", INDEX(Data_Input!$A$1:$ZZ$502, 0, MATCH(1, (Data_Input!$7:$7="IRP")*(Data_Input!$8:$8=$B18), 0)), 0) + 1, MATCH(1, (Data_Input!$7:$7=$F$3)*(Data_Input!$8:$8=$B18), 0)),"")} | J18: {=IFERROR(INDEX(Data_Input!$A$1:$ZZ$502, MATCH("누적수익률", INDEX(Data_Input!$A$1:$ZZ$502, 0, MATCH(1, (Data_Input!$7:$7="IRP")*(Data_Input!$8:$8=$B18), 0)), 0) + 1, MATCH(1, (Data_Input!$7:$7=$F$3)*(Data_Input!$8:$8=$B18), 0))/100,"")} | K18: {=IFERROR(_xlfn.LET( _xlpm.targetDate, B18, _xlpm.colIdx, MATCH(1, (Data_Input!$7:$7=$F$3) * (Data_Input!$8:$8=_xlpm.targetDate), 0), _xlpm.allData, INDEX(Data_Input!$1:$1002, 33, _xlpm.colIdx):INDEX(Data_Input!$1:$1002, 1000, _xlpm.colIdx), _xlpm.validData, _xlfn._xlws.FILTER(_xlpm.allData, _xlpm.allData <> ""), _xlpm.finalData, _xlfn.MAP(_xlfn.SEQUENCE(ROWS(_xlpm.validData)), _xlfn.LAMBDA(_xlpm.r, _xlfn.LET( _xlpm.curr, INDEX(_xlpm.validData, _xlpm.r), _xlpm.next, IF(_xlpm.r=ROWS(_xlpm.validData), "END", INDEX(_xlpm.validData, _xlpm.r+1)), IF(AND(ISNUMBER(_xlpm.curr), ISTEXT(_xlpm.next)), _xlpm.curr/100, _xlpm.curr) ) )), _xlfn.TOROW(_xlpm.finalData) ),"")}
A19: =IF(B19>0,A18+1,"") | C19: =IF(B19>0,C18,"") | D19: {=IFERROR(INDEX(Data_Input!$1:$100, 10, MATCH(1, (Data_Input!$7:$7=$F$3) * (Data_Input!$8:$8=$B19), 0)), "")} | E19: {=IFERROR(INDEX(Data_Input!$1:$100, 9, MATCH(1, (Data_Input!$7:$7=$F$3) * (Data_Input!$8:$8=$B19), 0)),"")} | F19: {=IFERROR(INDEX(Data_Input!$A$1:$ZZ$502, MATCH("플랜번호", INDEX(Data_Input!$A$1:$ZZ$502, 0, MATCH(1, (Data_Input!$7:$7="IRP")*(Data_Input!$8:$8=$B19), 0)), 0) + 1, MATCH(1, (Data_Input!$7:$7=$F$3)*(Data_Input!$8:$8=$B19), 0)),"")} | G19: {=IFERROR(INDEX(Data_Input!$A$1:$ZZ$502, MATCH("플랜명", INDEX(Data_Input!$A$1:$ZZ$502, 0, MATCH(1, (Data_Input!$7:$7="IRP")*(Data_Input!$8:$8=$B19), 0)), 0) + 1, MATCH(1, (Data_Input!$7:$7=$F$3)*(Data_Input!$8:$8=$B19), 0)),"")} | H19: {=IFERROR(INDEX(Data_Input!$A$1:$ZZ$502, MATCH("평가금액", INDEX(Data_Input!$A$1:$ZZ$502, 0, MATCH(1, (Data_Input!$7:$7="IRP")*(Data_Input!$8:$8=$B19), 0)), 0) + 1, MATCH(1, (Data_Input!$7:$7=$F$3)*(Data_Input!$8:$8=$B19), 0)),"")} | I19: {=IFERROR(INDEX(Data_Input!$A$1:$ZZ$502, MATCH("평가손익", INDEX(Data_Input!$A$1:$ZZ$502, 0, MATCH(1, (Data_Input!$7:$7="IRP")*(Data_Input!$8:$8=$B19), 0)), 0) + 1, MATCH(1, (Data_Input!$7:$7=$F$3)*(Data_Input!$8:$8=$B19), 0)),"")} | J19: {=IFERROR(INDEX(Data_Input!$A$1:$ZZ$502, MATCH("누적수익률", INDEX(Data_Input!$A$1:$ZZ$502, 0, MATCH(1, (Data_Input!$7:$7="IRP")*(Data_Input!$8:$8=$B19), 0)), 0) + 1, MATCH(1, (Data_Input!$7:$7=$F$3)*(Data_Input!$8:$8=$B19), 0))/100,"")} | K19: {=IFERROR(_xlfn.LET( _xlpm.targetDate, B19, _xlpm.colIdx, MATCH(1, (Data_Input!$7:$7=$F$3) * (Data_Input!$8:$8=_xlpm.targetDate), 0), _xlpm.allData, INDEX(Data_Input!$1:$1002, 33, _xlpm.colIdx):INDEX(Data_Input!$1:$1002, 1000, _xlpm.colIdx), _xlpm.validData, _xlfn._xlws.FILTER(_xlpm.allData, _xlpm.allData <> ""), _xlpm.finalData, _xlfn.MAP(_xlfn.SEQUENCE(ROWS(_xlpm.validData)), _xlfn.LAMBDA(_xlpm.r, _xlfn.LET( _xlpm.curr, INDEX(_xlpm.validData, _xlpm.r), _xlpm.next, IF(_xlpm.r=ROWS(_xlpm.validData), "END", INDEX(_xlpm.validData, _xlpm.r+1)), IF(AND(ISNUMBER(_xlpm.curr), ISTEXT(_xlpm.next)), _xlpm.curr/100, _xlpm.curr) ) )), _xlfn.TOROW(_xlpm.finalData) ),"")}
A20: =IF(B20>0,A19+1,"") | C20: =IF(B20>0,C19,"") | D20: {=IFERROR(INDEX(Data_Input!$1:$100, 10, MATCH(1, (Data_Input!$7:$7=$F$3) * (Data_Input!$8:$8=$B20), 0)), "")} | E20: {=IFERROR(INDEX(Data_Input!$1:$100, 9, MATCH(1, (Data_Input!$7:$7=$F$3) * (Data_Input!$8:$8=$B20), 0)),"")} | F20: {=IFERROR(INDEX(Data_Input!$A$1:$ZZ$502, MATCH("플랜번호", INDEX(Data_Input!$A$1:$ZZ$502, 0, MATCH(1, (Data_Input!$7:$7="IRP")*(Data_Input!$8:$8=$B20), 0)), 0) + 1, MATCH(1, (Data_Input!$7:$7=$F$3)*(Data_Input!$8:$8=$B20), 0)),"")} | G20: {=IFERROR(INDEX(Data_Input!$A$1:$ZZ$502, MATCH("플랜명", INDEX(Data_Input!$A$1:$ZZ$502, 0, MATCH(1, (Data_Input!$7:$7="IRP")*(Data_Input!$8:$8=$B20), 0)), 0) + 1, MATCH(1, (Data_Input!$7:$7=$F$3)*(Data_Input!$8:$8=$B20), 0)),"")} | H20: {=IFERROR(INDEX(Data_Input!$A$1:$ZZ$502, MATCH("평가금액", INDEX(Data_Input!$A$1:$ZZ$502, 0, MATCH(1, (Data_Input!$7:$7="IRP")*(Data_Input!$8:$8=$B20), 0)), 0) + 1, MATCH(1, (Data_Input!$7:$7=$F$3)*(Data_Input!$8:$8=$B20), 0)),"")} | I20: {=IFERROR(INDEX(Data_Input!$A$1:$ZZ$502, MATCH("평가손익", INDEX(Data_Input!$A$1:$ZZ$502, 0, MATCH(1, (Data_Input!$7:$7="IRP")*(Data_Input!$8:$8=$B20), 0)), 0) + 1, MATCH(1, (Data_Input!$7:$7=$F$3)*(Data_Input!$8:$8=$B20), 0)),"")} | J20: {=IFERROR(INDEX(Data_Input!$A$1:$ZZ$502, MATCH("누적수익률", INDEX(Data_Input!$A$1:$ZZ$502, 0, MATCH(1, (Data_Input!$7:$7="IRP")*(Data_Input!$8:$8=$B20), 0)), 0) + 1, MATCH(1, (Data_Input!$7:$7=$F$3)*(Data_Input!$8:$8=$B20), 0))/100,"")} | K20: {=IFERROR(_xlfn.LET( _xlpm.targetDate, B20, _xlpm.colIdx, MATCH(1, (Data_Input!$7:$7=$F$3) * (Data_Input!$8:$8=_xlpm.targetDate), 0), _xlpm.allData, INDEX(Data_Input!$1:$1002, 33, _xlpm.colIdx):INDEX(Data_Input!$1:$1002, 1000, _xlpm.colIdx), _xlpm.validData, _xlfn._xlws.FILTER(_xlpm.allData, _xlpm.allData <> ""), _xlpm.finalData, _xlfn.MAP(_xlfn.SEQUENCE(ROWS(_xlpm.validData)), _xlfn.LAMBDA(_xlpm.r, _xlfn.LET( _xlpm.curr, INDEX(_xlpm.validData, _xlpm.r), _xlpm.next, IF(_xlpm.r=ROWS(_xlpm.validData), "END", INDEX(_xlpm.validData, _xlpm.r+1)), IF(AND(ISNUMBER(_xlpm.curr), ISTEXT(_xlpm.next)), _xlpm.curr/100, _xlpm.curr) ) )), _xlfn.TOROW(_xlpm.finalData) ),"")}
... A399: =IF(B399>0,A398+1,"") | C399: =IF(B399>0,C398,"") | D399: {=IFERROR(INDEX(Data_Input!$1:$100, 10, MATCH(1, (Data_Input!$7:$7=$F$3) * (Data_Input!$8:$8=$B399), 0)), "")} | E399: {=IFERROR(INDEX(Data_Input!$1:$100, 9, MATCH(1, (Data_Input!$7:$7=$F$3) * (Data_Input!$8:$8=$B399), 0)),"")} | F399: {=IFERROR(INDEX(Data_Input!$A$1:$ZZ$502, MATCH("플랜번호", INDEX(Data_Input!$A$1:$ZZ$502, 0, MATCH(1, (Data_Input!$7:$7="IRP")*(Data_Input!$8:$8=$B399), 0)), 0) + 1, MATCH(1, (Data_Input!$7:$7=$F$3)*(Data_Input!$8:$8=$B399), 0)),"")} | G399: {=IFERROR(INDEX(Data_Input!$A$1:$ZZ$502, MATCH("플랜명", INDEX(Data_Input!$A$1:$ZZ$502, 0, MATCH(1, (Data_Input!$7:$7="IRP")*(Data_Input!$8:$8=$B399), 0)), 0) + 1, MATCH(1, (Data_Input!$7:$7=$F$3)*(Data_Input!$8:$8=$B399), 0)),"")} | H399: {=IFERROR(INDEX(Data_Input!$A$1:$ZZ$502, MATCH("평가금액", INDEX(Data_Input!$A$1:$ZZ$502, 0, MATCH(1, (Data_Input!$7:$7="IRP")*(Data_Input!$8:$8=$B399), 0)), 0) + 1, MATCH(1, (Data_Input!$7:$7=$F$3)*(Data_Input!$8:$8=$B399), 0)),"")} | I399: {=IFERROR(INDEX(Data_Input!$A$1:$ZZ$502, MATCH("평가손익", INDEX(Data_Input!$A$1:$ZZ$502, 0, MATCH(1, (Data_Input!$7:$7="IRP")*(Data_Input!$8:$8=$B399), 0)), 0) + 1, MATCH(1, (Data_Input!$7:$7=$F$3)*(Data_Input!$8:$8=$B399), 0)),"")} | J399: {=IFERROR(INDEX(Data_Input!$A$1:$ZZ$502, MATCH("누적수익률", INDEX(Data_Input!$A$1:$ZZ$502, 0, MATCH(1, (Data_Input!$7:$7="IRP")*(Data_Input!$8:$8=$B399), 0)), 0) + 1, MATCH(1, (Data_Input!$7:$7=$F$3)*(Data_Input!$8:$8=$B399), 0))/100,"")} | K399: {=IFERROR(_xlfn.LET( _xlpm.targetDate, B399, _xlpm.colIdx, MATCH(1, (Data_Input!$7:$7=$F$3) * (Data_Input!$8:$8=_xlpm.targetDate), 0), _xlpm.allData, INDEX(Data_Input!$1:$1002, 33, _xlpm.colIdx):INDEX(Data_Input!$1:$1002, 1000, _xlpm.colIdx), _xlpm.validData, _xlfn._xlws.FILTER(_xlpm.allData, _xlpm.allData <> ""), _xlpm.finalData, _xlfn.MAP(_xlfn.SEQUENCE(ROWS(_xlpm.validData)), _xlfn.LAMBDA(_xlpm.r, _xlfn.LET( _xlpm.curr, INDEX(_xlpm.validData, _xlpm.r), _xlpm.next, IF(_xlpm.r=ROWS(_xlpm.validData), "END", INDEX(_xlpm.validData, _xlpm.r+1)), IF(AND(ISNUMBER(_xlpm.curr), ISTEXT(_xlpm.next)), _xlpm.curr/100, _xlpm.curr) ) )), _xlfn.TOROW(_xlpm.finalData) ),"")}

Sheet Data_Templet
B3: =Data_Input!I2 -> 연금저축 | C3: 조회일 | D3: =MAX(B10:B300) -> 0
B4: =Data_Input!I3 -> IRP | C4: 조회일 | D4: =MAX(C10:C300) -> 46064
B5: =Data_Input!I4 -> 연금저축_거치 | C5: 조회일 | D5: =MAX(D10:D300) -> 0
B9: =CONCATENATE(Data_Input!I2," 날짜") -> 연금저축 날짜 | C9: =CONCATENATE(Data_Input!I3," 날짜") -> IRP 날짜 | D9: =CONCATENATE(Data_Input!I4," 날짜") -> 연금저축_거치 날짜 | F9: =B3 -> 연금저축 | W9: 상품별 위험도 DATA | AB9: 동적 수익률 그래프 | AF9: 지역분석 그래프 | AJ9: 위험도분석 그래프
B10: {=IFERROR(_xlfn._xlws.SORT(_xlfn.TOCOL(_xlfn.UNIQUE(_xlfn._xlws.FILTER(Data_Input!$B$8:$ZZ$8,Data_Input!$B$7:$ZZ$7=$B$3))),1,1),"")} | C10: {=IFERROR(_xlfn._xlws.SORT(_xlfn.TOCOL(_xlfn.UNIQUE(_xlfn._xlws.FILTER(Data_Input!$B$8:$ZZ$8,Data_Input!$B$7:$ZZ$7=$B$4))),1,1),"")} -> 45992 | D10: {=IFERROR(_xlfn._xlws.SORT(_xlfn.TOCOL(_xlfn.UNIQUE(_xlfn._xlws.FILTER(Data_Input!$B$8:$ZZ$8,Data_Input!$B$7:$ZZ$7=$B$5))),1,1),"")} | F10: 계좌번호 | G10: 납입원금 | H10: 월 납입액 | I10: 예수금 | J10: 총자산 | K10: 매입금액 | L10: 평가금액 | M10: 평가손익 | N10: 총수익률
C11: 46023 | F11: =IFERROR(INDEX(DB_연금저축_History!C:C,MATCH($D$3,DB_연금저축_History!$B:$B,0)),"") | G11: =IFERROR(INDEX(DB_연금저축_History!D:D,MATCH($D$3,DB_연금저축_History!$B:$B,0)),"") | H11: =IFERROR(INDEX(DB_연금저축_History!E:E,MATCH($D$3,DB_연금저축_History!$B:$B,0)),"") | I11: =IFERROR(INDEX(DB_연금저축_History!F:F,MATCH($D$3,DB_연금저축_History!$B:$B,0)),"") | J11: =IFERROR(INDEX(DB_연금저축_History!G:G,MATCH($D$3,DB_연금저축_History!$B:$B,0)),"") | K11: =IFERROR(INDEX(DB_연금저축_History!H:H,MATCH($D$3,DB_연금저축_History!$B:$B,0)),"") | L11: =IFERROR(INDEX(DB_연금저축_History!I:I,MATCH($D$3,DB_연금저축_History!$B:$B,0)),"") | M11: =IFERROR(INDEX(DB_연금저축_History!J:J,MATCH($D$3,DB_연금저축_History!$B:$B,0)),"") | N11: =IFERROR((L11+I11-G11)/G11,"")
C12: 46064
F13: No | G13: 상품유형 | H13: 상품명 | I13: 종목코드 | J13: 잔고수량 | K13: 매입가 | L13: 현재가 | M13: 평가금액 | N13: 평가손익 | O13: 수익률 | P13: 만기일 | S13: 비중 | T13: 위험도 | U13: 지역 | W13: 상품명 | X13: 종목코드 | Y13: 위험도 | Z13: 지역 | AB13: No | AC13: 날짜 | AD13: 수익률 | AF13: No | AG13: 행 레이블 | AH13: 합계 : 비중 | AJ13: No | AK13: 행 레이블 | AL13: 합계 : 비중
F14: =IF(G14<>0,1,"") -> 1 | G14: {=IFERROR( _xlfn.TAKE( _xlfn.WRAPROWS( _xlfn.TOROW( _xlfn.LET( _xlpm.data, _xlfn._xlws.FILTER(DB_연금저축_History!L6:ZZ300, DB_연금저축_History!B6:B300 = D3), IF(_xlpm.data = "", "", _xlpm.data) ), 0 ), 10 ), 25 ), "" )} | S14: =IFERROR(IF(M14>0, M14/$M$39, 0),0) -> 0 | T14: =IFERROR(IF(INDEX($Y$14:$Y$200, MATCH(H14,$W$14:$W$200,0))<>"",INDEX($Y$14:$Y$200, MATCH(H14,$W$14:$W$200,0)),""),"") | U14: =IFERROR(IF(INDEX($Z$14:$Z$200, MATCH(H14,$W$14:$W$200,0))<>"",INDEX($Z$14:$Z$200, MATCH(H14,$W$14:$W$200,0)),""),"") | W14: AB미국그로스증권투자신탁(주식-재간접형)Ce-P2 | Y14: 절대성장형 | Z14: 미국 | AB14: =IF(AC14>0,1,"") -> 1 | AC14: {=IFERROR( _xlfn.TAKE( _xlfn._xlws.FILTER( _xlfn.HSTACK(DB_연금저축_History!B6:B200, DB_연금저축_History!K6:K200), (DB_연금저축_History!B6:B200 <> "") * (DB_연금저축_History!K6:K200 <> "") ), -12 ), "" )} | AF14: =IF(AG14>0,1,"") | AH14: 0 | AJ14: =IF(AK14>0,1,"") | AL14: 0
F15: =IF(G15<>"",F14+1,"") | S15: =IFERROR(IF(M15>0, M15/$M$39, 0),0) -> 0 | T15: =IFERROR(IF(INDEX($Y$14:$Y$200, MATCH(H15,$W$14:$W$200,0))<>"",INDEX($Y$14:$Y$200, MATCH(H15,$W$14:$W$200,0)),""),"") | U15: =IFERROR(IF(INDEX($Z$14:$Z$200, MATCH(H15,$W$14:$W$200,0))<>"",INDEX($Z$14:$Z$200, MATCH(H15,$W$14:$W$200,0)),""),"") | W15: ACE 미국30년국채액티브 | Y15: 안정형 | Z15: 미국 | AB15: =IF(AC15>0,AB14+1,"") | AF15: =IF(AG15>0,AF14+1,"") | AJ15: =IF(AK15>0,AJ14+1,"")
F16: =IF(G16<>"",F15+1,"") | S16: =IFERROR(IF(M16>0, M16/$M$39, 0),0) -> 0 | T16: =IFERROR(IF(INDEX($Y$14:$Y$200, MATCH(H16,$W$14:$W$200,0))<>"",INDEX($Y$14:$Y$200, MATCH(H16,$W$14:$W$200,0)),""),"") | U16: =IFERROR(IF(INDEX($Z$14:$Z$200, MATCH(H16,$W$14:$W$200,0))<>"",INDEX($Z$14:$Z$200, MATCH(H16,$W$14:$W$200,0)),""),"") | W16: ACE 미국30년국채액티브(H) | X16: 453850 | Y16: 안정형 | Z16: 미국 | AB16: =IF(AC16>0,AB15+1,"") | AF16: =IF(AG16>0,AF15+1,"") | AJ16: =IF(AK16>0,AJ15+1,"")
F17: =IF(G17<>"",F16+1,"") | S17: =IFERROR(IF(M17>0, M17/$M$39, 0),0) -> 0 | T17: =IFERROR(IF(INDEX($Y$14:$Y$200, MATCH(H17,$W$14:$W$200,0))<>"",INDEX($Y$14:$Y$200, MATCH(H17,$W$14:$W$200,0)),""),"") | U17: =IFERROR(IF(INDEX($Z$14:$Z$200, MATCH(H17,$W$14:$W$200,0))<>"",INDEX($Z$14:$Z$200, MATCH(H17,$W$14:$W$200,0)),""),"") | W17: ACE 베트남VN30(합성) | X17: 245710 | Y17: 절대성장형 | Z17: 베트남 | AB17: =IF(AC17>0,AB16+1,"") | AF17: =IF(AG17>0,AF16+1,"") | AJ17: =IF(AK17>0,AJ16+1,"")
F18: =IF(G18<>"",F17+1,"") | S18: =IFERROR(IF(M18>0, M18/$M$39, 0),0) -> 0 | T18: =IFERROR(IF(INDEX($Y$14:$Y$200, MATCH(H18,$W$14:$W$200,0))<>"",INDEX($Y$14:$Y$200, MATCH(H18,$W$14:$W$200,0)),""),"") | U18: =IFERROR(IF(INDEX($Z$14:$Z$200, MATCH(H18,$W$14:$W$200,0))<>"",INDEX($Z$14:$Z$200, MATCH(H18,$W$14:$W$200,0)),""),"") | W18: KIWOOM 글로벌AI반도체 | X18: 473490 | Y18: 절대성장형 | Z18: 글로벌 | AB18: =IF(AC18>0,AB17+1,"") | AF18: =IF(AG18>0,AF17+1,"") | AJ18: =IF(AK18>0,AJ17+1,"")
F19: =IF(G19<>"",F18+1,"") | S19: =IFERROR(IF(M19>0, M19/$M$39, 0),0) -> 0 | T19: =IFERROR(IF(INDEX($Y$14:$Y$200, MATCH(H19,$W$14:$W$200,0))<>"",INDEX($Y$14:$Y$200, MATCH(H19,$W$14:$W$200,0)),""),"") | U19: =IFERROR(IF(INDEX($Z$14:$Z$200, MATCH(H19,$W$14:$W$200,0))<>"",INDEX($Z$14:$Z$200, MATCH(H19,$W$14:$W$200,0)),""),"") | W19: KIWOOM 인도Nifty50(합성) | Y19: 절대성장형 | Z19: 인도 | AB19: =IF(AC19>0,AB18+1,"") | AF19: =IF(AG19>0,AF18+1,"") | AJ19: =IF(AK19>0,AJ18+1,"")
F20: =IF(G20<>"",F19+1,"") | S20: =IFERROR(IF(M20>0, M20/$M$39, 0),0) -> 0 | T20: =IFERROR(IF(INDEX($Y$14:$Y$200, MATCH(H20,$W$14:$W$200,0))<>"",INDEX($Y$14:$Y$200, MATCH(H20,$W$14:$W$200,0)),""),"") | U20: =IFERROR(IF(INDEX($Z$14:$Z$200, MATCH(H20,$W$14:$W$200,0))<>"",INDEX($Z$14:$Z$200, MATCH(H20,$W$14:$W$200,0)),""),"") | W20: KODEX 국고채3년 | X20: 114260 | Y20: 절대안정형 | Z20: 국내 | AB20: =IF(AC20>0,AB19+1,"") | AF20: =IF(AG20>0,AF19+1,"") | AJ20: =IF(AK20>0,AJ19+1,"")
F21: =IF(G21<>"",F20+1,"") | S21: =IFERROR(IF(M21>0, M21/$M$39, 0),0) -> 0 | T21: =IFERROR(IF(INDEX($Y$14:$Y$200, MATCH(H21,$W$14:$W$200,0))<>"",INDEX($Y$14:$Y$200, MATCH(H21,$W$14:$W$200,0)),""),"") | U21: =IFERROR(IF(INDEX($Z$14:$Z$200, MATCH(H21,$W$14:$W$200,0))<>"",INDEX($Z$14:$Z$200, MATCH(H21,$W$14:$W$200,0)),""),"") | W21: KODEX 로봇액티브 | Y21: 절대성장형 | Z21: 국내 | AB21: =IF(AC21>0,AB20+1,"") | AF21: =IF(AG21>0,AF20+1,"") | AJ21: =IF(AK21>0,AJ20+1,"")
F22: =IF(G22<>"",F21+1,"") | S22: =IFERROR(IF(M22>0, M22/$M$39, 0),0) -> 0 | T22: =IFERROR(IF(INDEX($Y$14:$Y$200, MATCH(H22,$W$14:$W$200,0))<>"",INDEX($Y$14:$Y$200, MATCH(H22,$W$14:$W$200,0)),""),"") | U22: =IFERROR(IF(INDEX($Z$14:$Z$200, MATCH(H22,$W$14:$W$200,0))<>"",INDEX($Z$14:$Z$200, MATCH(H22,$W$14:$W$200,0)),""),"") | W22: KODEX 미국S&P500(H) | Y22: 절대성장형 | Z22: 미국 | AB22: =IF(AC22>0,AB21+1,"") | AF22: =IF(AG22>0,AF21+1,"") | AJ22: =IF(AK22>0,AJ21+1,"")
F23: =IF(G23<>"",F22+1,"") | S23: =IFERROR(IF(M23>0, M23/$M$39, 0),0) -> 0 | T23: =IFERROR(IF(INDEX($Y$14:$Y$200, MATCH(H23,$W$14:$W$200,0))<>"",INDEX($Y$14:$Y$200, MATCH(H23,$W$14:$W$200,0)),""),"") | U23: =IFERROR(IF(INDEX($Z$14:$Z$200, MATCH(H23,$W$14:$W$200,0))<>"",INDEX($Z$14:$Z$200, MATCH(H23,$W$14:$W$200,0)),""),"") | W23: NH-Amundi 개인신종MMF1호C-P1(연금저축) | X23: DENP01-005 | Y23: 절대안정형 | Z23: 국내 | AB23: =IF(AC23>0,AB22+1,"") | AF23: =IF(AG23>0,AF22+1,"") | AJ23: =IF(AK23>0,AJ22+1,"")
F24: =IF(G24<>"",F23+1,"") | S24: =IFERROR(IF(M24>0, M24/$M$39, 0),0) -> 0 | T24: =IFERROR(IF(INDEX($Y$14:$Y$200, MATCH(H24,$W$14:$W$200,0))<>"",INDEX($Y$14:$Y$200, MATCH(H24,$W$14:$W$200,0)),""),"") | U24: =IFERROR(IF(INDEX($Z$14:$Z$200, MATCH(H24,$W$14:$W$200,0))<>"",INDEX($Z$14:$Z$200, MATCH(H24,$W$14:$W$200,0)),""),"") | W24: SOL 미국배당다우존스 | Y24: 절대성장형 | Z24: 미국 | AB24: =IF(AC24>0,AB23+1,"") | AF24: =IF(AG24>0,AF23+1,"") | AJ24: =IF(AK24>0,AJ23+1,"")
F25: =IF(G25<>"",F24+1,"") | S25: =IFERROR(IF(M25>0, M25/$M$39, 0),0) -> 0 | T25: =IFERROR(IF(INDEX($Y$14:$Y$200, MATCH(H25,$W$14:$W$200,0))<>"",INDEX($Y$14:$Y$200, MATCH(H25,$W$14:$W$200,0)),""),"") | U25: =IFERROR(IF(INDEX($Z$14:$Z$200, MATCH(H25,$W$14:$W$200,0))<>"",INDEX($Z$14:$Z$200, MATCH(H25,$W$14:$W$200,0)),""),"") | W25: TIGER 200 | X25: 102110 | Y25: 성장형 | Z25: 국내 | AB25: =IF(AC25>0,AB24+1,"") | AF25: =IF(AG25>0,AF24+1,"") | AJ25: =IF(AK25>0,AJ24+1,"")
S26: =IFERROR(IF(M26>0, M26/$M$39, 0),0) -> 0 | T26: =IFERROR(IF(INDEX($Y$14:$Y$200, MATCH(H26,$W$14:$W$200,0))<>"",INDEX($Y$14:$Y$200, MATCH(H26,$W$14:$W$200,0)),""),"") | U26: =IFERROR(IF(INDEX($Z$14:$Z$200, MATCH(H26,$W$14:$W$200,0))<>"",INDEX($Z$14:$Z$200, MATCH(H26,$W$14:$W$200,0)),""),"") | W26: TIGER 글로벌리튬&2차전지SOLACTIVE(합성) | X26: 394670 | Y26: 절대성장형 | Z26: 글로벌
S27: =IFERROR(IF(M27>0, M27/$M$39, 0),0) -> 0 | T27: =IFERROR(IF(INDEX($Y$14:$Y$200, MATCH(H27,$W$14:$W$200,0))<>"",INDEX($Y$14:$Y$200, MATCH(H27,$W$14:$W$200,0)),""),"") | U27: =IFERROR(IF(INDEX($Z$14:$Z$200, MATCH(H27,$W$14:$W$200,0))<>"",INDEX($Z$14:$Z$200, MATCH(H27,$W$14:$W$200,0)),""),"") | W27: TIGER 미국나스닥100 | X27: 133690 | Y27: 절대성장형 | Z27: 미국
S28: =IFERROR(IF(M28>0, M28/$M$39, 0),0) -> 0 | T28: =IFERROR(IF(INDEX($Y$14:$Y$200, MATCH(H28,$W$14:$W$200,0))<>"",INDEX($Y$14:$Y$200, MATCH(H28,$W$14:$W$200,0)),""),"") | U28: =IFERROR(IF(INDEX($Z$14:$Z$200, MATCH(H28,$W$14:$W$200,0))<>"",INDEX($Z$14:$Z$200, MATCH(H28,$W$14:$W$200,0)),""),"") | W28: TIGER 미국배당다우존스타겟커버드콜2호 | Y28: 절대성장형 | Z28: 미국
S29: =IFERROR(IF(M29>0, M29/$M$39, 0),0) -> 0 | T29: =IFERROR(IF(INDEX($Y$14:$Y$200, MATCH(H29,$W$14:$W$200,0))<>"",INDEX($Y$14:$Y$200, MATCH(H29,$W$14:$W$200,0)),""),"") | U29: =IFERROR(IF(INDEX($Z$14:$Z$200, MATCH(H29,$W$14:$W$200,0))<>"",INDEX($Z$14:$Z$200, MATCH(H29,$W$14:$W$200,0)),""),"") | W29: WON 미국우주항공방산 | Y29: 절대성장형 | Z29: 미국
S30: =IFERROR(IF(M30>0, M30/$M$39, 0),0) -> 0 | T30: =IFERROR(IF(INDEX($Y$14:$Y$200, MATCH(H30,$W$14:$W$200,0))<>"",INDEX($Y$14:$Y$200, MATCH(H30,$W$14:$W$200,0)),""),"") | U30: =IFERROR(IF(INDEX($Z$14:$Z$200, MATCH(H30,$W$14:$W$200,0))<>"",INDEX($Z$14:$Z$200, MATCH(H30,$W$14:$W$200,0)),""),"") | W30: 마이다스책임투자증권투자신탁(주식)C-Pe2 | Y30: 성장형 | Z30: 국내
S31: =IFERROR(IF(M31>0, M31/$M$39, 0),0) -> 0 | T31: =IFERROR(IF(INDEX($Y$14:$Y$200, MATCH(H31,$W$14:$W$200,0))<>"",INDEX($Y$14:$Y$200, MATCH(H31,$W$14:$W$200,0)),""),"") | U31: =IFERROR(IF(INDEX($Z$14:$Z$200, MATCH(H31,$W$14:$W$200,0))<>"",INDEX($Z$14:$Z$200, MATCH(H31,$W$14:$W$200,0)),""),"") | W31: 미래에셋인도중소형포커스증권자투자신탁1호(주식)C-P2e | Y31: 절대성장형 | Z31: 인도
S32: =IFERROR(IF(M32>0, M32/$M$39, 0),0) -> 0 | T32: =IFERROR(IF(INDEX($Y$14:$Y$200, MATCH(H32,$W$14:$W$200,0))<>"",INDEX($Y$14:$Y$200, MATCH(H32,$W$14:$W$200,0)),""),"") | U32: =IFERROR(IF(INDEX($Z$14:$Z$200, MATCH(H32,$W$14:$W$200,0))<>"",INDEX($Z$14:$Z$200, MATCH(H32,$W$14:$W$200,0)),""),"") | W32: 신영밸류고배당증권자(주식)C-P | X32: DAYP01-003 | Y32: 성장형 | Z32: 국내
S33: =IFERROR(IF(M33>0, M33/$M$39, 0),0) -> 0 | T33: =IFERROR(IF(INDEX($Y$14:$Y$200, MATCH(H33,$W$14:$W$200,0))<>"",INDEX($Y$14:$Y$200, MATCH(H33,$W$14:$W$200,0)),""),"") | U33: =IFERROR(IF(INDEX($Z$14:$Z$200, MATCH(H33,$W$14:$W$200,0))<>"",INDEX($Z$14:$Z$200, MATCH(H33,$W$14:$W$200,0)),""),"") | W33: 우리하이플러스채권증권자투자신탁1호(채권)C-Pe | Y33: 절대안정형 | Z33: 국내
S34: =IFERROR(IF(M34>0, M34/$M$39, 0),0) -> 0 | T34: =IFERROR(IF(INDEX($Y$14:$Y$200, MATCH(H34,$W$14:$W$200,0))<>"",INDEX($Y$14:$Y$200, MATCH(H34,$W$14:$W$200,0)),""),"") | U34: =IFERROR(IF(INDEX($Z$14:$Z$200, MATCH(H34,$W$14:$W$200,0))<>"",INDEX($Z$14:$Z$200, MATCH(H34,$W$14:$W$200,0)),""),"") | W34: 자동운용상품(고유계정대) | Y34: 절대안정형 | Z34: 국내
S35: =IFERROR(IF(M35>0, M35/$M$39, 0),0) -> 0 | T35: =IFERROR(IF(INDEX($Y$14:$Y$200, MATCH(H35,$W$14:$W$200,0))<>"",INDEX($Y$14:$Y$200, MATCH(H35,$W$14:$W$200,0)),""),"") | U35: =IFERROR(IF(INDEX($Z$14:$Z$200, MATCH(H35,$W$14:$W$200,0))<>"",INDEX($Z$14:$Z$200, MATCH(H35,$W$14:$W$200,0)),""),"") | W35: 한국투자글로벌AI&반도체TOP10증권자투자신탁UH(주식)C-Re | Y35: 절대성장형 | Z35: 글로벌
S36: =IFERROR(IF(M36>0, M36/$M$39, 0),0) -> 0 | T36: =IFERROR(IF(INDEX($Y$14:$Y$200, MATCH(H36,$W$14:$W$200,0))<>"",INDEX($Y$14:$Y$200, MATCH(H36,$W$14:$W$200,0)),""),"") | U36: =IFERROR(IF(INDEX($Z$14:$Z$200, MATCH(H36,$W$14:$W$200,0))<>"",INDEX($Z$14:$Z$200, MATCH(H36,$W$14:$W$200,0)),""),"") | W36: 한국투자연금베트남증권자투자신탁(주식혼합)C-Re | Y36: 절대성장형 | Z36: 베트남
S37: =IFERROR(IF(M37>0, M37/$M$39, 0),0) -> 0 | T37: =IFERROR(IF(INDEX($Y$14:$Y$200, MATCH(H37,$W$14:$W$200,0))<>"",INDEX($Y$14:$Y$200, MATCH(H37,$W$14:$W$200,0)),""),"") | U37: =IFERROR(IF(INDEX($Z$14:$Z$200, MATCH(H37,$W$14:$W$200,0))<>"",INDEX($Z$14:$Z$200, MATCH(H37,$W$14:$W$200,0)),""),"") | W37: 우리하이플러스채권증권자1(채권)C-P1e | X37: NDC412-002 | Y37: 절대안정형 | Z37: 국내
S38: =IFERROR(IF(M38>0, M38/$M$39, 0),0) -> 0 | T38: =IFERROR(IF(INDEX($Y$14:$Y$200, MATCH(H38,$W$14:$W$200,0))<>"",INDEX($Y$14:$Y$200, MATCH(H38,$W$14:$W$200,0)),""),"") | U38: =IFERROR(IF(INDEX($Z$14:$Z$200, MATCH(H38,$W$14:$W$200,0))<>"",INDEX($Z$14:$Z$200, MATCH(H38,$W$14:$W$200,0)),""),"") | W38: AB미국그로스증권(주식-재간접형)Ce-P | X38: NGAB54-001 | Y38: 절대성장형 | Z38: 미국
H39: Total | M39: =SUM(M14:M38) -> 0 | N39: =SUM(N14:N38) -> 0 | S39: =SUM(S14:S38) -> 0 | W39: KCGI차이나증권투자신탁[주식]C-Pe2 | Y39: 절대성장형 | Z39: 중국
W40: 마이다스책임투자증권(주식)C-Pe1 | X40: NAMD81-004 | Y40: 성장형 | Z40: 국내
W41: NH-Amundi 개인신종MMF1호C-P1e | X41: NENH02-005 | Y41: 절대안정형 | Z41: 국내
F42: =B4 -> IRP | W42: 기업은행 정기예금_5Y | Y42: 절대안정형 | Z42: 국내
F43: =DB_IRP_History!C5 -> 계좌번호 | G43: 납입원금 | H43: 월납입액 | I43: 플랜번호 | J43: 플랜명 | K43: 평가금액 | L43: 평가손익 | M43: 누적수익률 | W43: KODEX 에너지화학 | X43: 117460 | Y43: 절대성장형 | Z43: 국내
F44: =IFERROR(INDEX(DB_IRP_History!C:C,MATCH($D$4,DB_IRP_History!$B:$B,0)),"") -> 204-03-53***8 | G44: =IFERROR(INDEX(DB_IRP_History!D:D,MATCH($D$4,DB_IRP_History!$B:$B,0)),"") -> 80000000 | H44: =IFERROR(INDEX(DB_IRP_History!E:E,MATCH($D$4,DB_IRP_History!$B:$B,0)),"") -> 300000 | I44: =IFERROR(INDEX(DB_IRP_History!F:F,MATCH($D$4,DB_IRP_History!$B:$B,0)),"") -> S0124210712831 | J44: =IFERROR(INDEX(DB_IRP_History!G:G,MATCH($D$4,DB_IRP_History!$B:$B,0)),"") -> 김명화_개인IRP | K44: =IFERROR(INDEX(DB_IRP_History!H:H,MATCH($D$4,DB_IRP_History!$B:$B,0)),"") -> 122628271 | L44: =IFERROR(INDEX(DB_IRP_History!I:I,MATCH($D$4,DB_IRP_History!$B:$B,0)),"") -> 26500109 | M44: =IFERROR(INDEX(DB_IRP_History!J:J,MATCH($D$4,DB_IRP_History!$B:$B,0)),"") -> 0.4678 | W44: TIGER 차이나CSI300 | X44: 192090 | Y44: 절대성장형 | Z44: 중국
W45: 키움슈로더유로증권자투자신탁(주식-재간접형)C-CPe(퇴직연금) | Y45: 절대성장형 | Z45: 유럽
F46: No | G46: 상품유형 | H46: 상품명 | I46: 수량 | J46: 기준가(이율) | K46: 평가금액 | L46: 매입금액 | M46: 총입금액 | N46: 총출금액 | O46: 증거금액(수량) | P46: 매수일자 | Q46: 만기일 | R46: 수익률 | S46: 비중 | T46: 위험도 | U46: 지역 | W46: 이스트스프링차이나드래곤A Share증권자(H)[주식]C-P(퇴직연금)E | Y46: 절대성장형 | Z46: 중국 | AB46: No | AC46: 날짜 | AD46: 수익률 | AF46: No | AH46: 합계 : 비중 | AJ46: No | AL46: 합계 : 비중
F47: =IF(G47<>0,1,"") -> 1 | G47: {=IFERROR( _xlfn.WRAPROWS( _xlfn.TOROW( _xlfn._xlws.FILTER( DB_IRP_History!K6:AAD300, DB_IRP_History!B6:B300 = D4 ), 1 ), 12 ), "" )} -> 수익증권 | H47: 미래에셋인도중소형포커스증권자투자신탁1호(주식)C-P2e | I47: 1743983 | J47: 3092.24 | K47: 5392814 | L47: 5570000 | M47: 5570000 | N47: 0 | O47: 0 | P47: - | Q47: - | R47: -0.03181 | S47: =IFERROR(IF(K47>0, K47/$K$72, 0),0) -> 0.043976923 | T47: =IFERROR(IF(INDEX($Y$14:$Y$200, MATCH(H47,$W$14:$W$200,0))<>"",INDEX($Y$14:$Y$200, MATCH(H47,$W$14:$W$200,0)),""),"") -> 절대성장형 | U47: =IFERROR(IF(INDEX($Z$14:$Z$200, MATCH(H47,$W$14:$W$200,0))<>"",INDEX($Z$14:$Z$200, MATCH(H47,$W$14:$W$200,0)),""),"") -> 인도 | W47: 미래에셋글로벌클린인프라증권자투자신탁[주식]Crp-e | Y47: 절대성장형 | Z47: 글로벌 | AB47: =IF(AC47>0,1,"") -> 1 | AC47: {=IFERROR( _xlfn.TAKE( _xlfn._xlws.FILTER( _xlfn.HSTACK(DB_IRP_History!B6:B200, DB_IRP_History!J6:J200), (DB_IRP_History!B6:B200 <> "") * (DB_IRP_History!J6:J200 <> "") ), -12 ), "" )} -> 45992 | AD47: 0.3724 | AF47: =IF(AG47>0,1,"") -> 1 | AG47: 인도 | AH47: 0.043976923 | AJ47: =IF(AK47>0,1,"") -> 1 | AK47: 절대안정형 | AL47: 0.22442269
F48: =IF(G48<>"",F47+1,"") -> 2 | G48: 수익증권 | H48: 마이다스책임투자증권투자신탁(주식)C-Pe2 | I48: 4017661 | J48: 3290.15 | K48: 13218710 | L48: 5647761 | M48: 13051372 | N48: 14041194 | O48: 0 | P48: - | Q48: - | R48: 1.34052 | S48: =IFERROR(IF(K48>0, K48/$K$72, 0),0) -> 0.10779496 | T48: =IFERROR(IF(INDEX($Y$14:$Y$200, MATCH(H48,$W$14:$W$200,0))<>"",INDEX($Y$14:$Y$200, MATCH(H48,$W$14:$W$200,0)),""),"") -> 성장형 | U48: =IFERROR(IF(INDEX($Z$14:$Z$200, MATCH(H48,$W$14:$W$200,0))<>"",INDEX($Z$14:$Z$200, MATCH(H48,$W$14:$W$200,0)),""),"") -> 국내 | W48: 이리츠코크렙 | X48: 88260 | Y48: 성장형 | Z48: 국내 | AB48: =IF(AC48>0,AB47+1,"") -> 2 | AC48: 46023 | AD48: 0.3892 | AF48: =IF(AG48>0,AF47+1,"") -> 2 | AG48: 베트남 | AH48: 0.089474262 | AJ48: =IF(AK48>0,AJ47+1,"") -> 2 | AK48: 절대성장형 | AL48: 0.57999387
F49: =IF(G49<>"",F48+1,"") -> 3 | G49: 수익증권 | H49: AB미국그로스증권투자신탁(주식-재간접형)Ce-P2 | I49: 6310605 | J49: 2844.5 | K49: 17950518 | L49: 15337523 | M49: 36715755 | N49: 24659463 | O49: 0 | P49: - | Q49: - | R49: 0.17037 | S49: =IFERROR(IF(K49>0, K49/$K$72, 0),0) -> 0.14638156 | T49: =IFERROR(IF(INDEX($Y$14:$Y$200, MATCH(H49,$W$14:$W$200,0))<>"",INDEX($Y$14:$Y$200, MATCH(H49,$W$14:$W$200,0)),""),"") -> 절대성장형 | U49: =IFERROR(IF(INDEX($Z$14:$Z$200, MATCH(H49,$W$14:$W$200,0))<>"",INDEX($Z$14:$Z$200, MATCH(H49,$W$14:$W$200,0)),""),"") -> 미국 | W49: 이지스밸류플러스리츠 | X49: 334890 | Y49: 성장형 | Z49: 국내 | AB49: =IF(AC49>0,AB48+1,"") -> 3 | AC49: 46064 | AD49: 0.4678 | AF49: =IF(AG49>0,AF48+1,"") -> 3 | AG49: 미국 | AH49: 0.28471451 | AJ49: =IF(AK49>0,AJ48+1,"") -> 3 | AK49: 안정형 | AL49: 0.087788484
F50: =IF(G50<>"",F49+1,"") -> 4 | G50: 수익증권 | H50: 한국투자연금베트남증권자투자신탁(주식혼합)C-Re | I50: 10546825 | J50: 1040.32 | K50: 10972074 | L50: 10250000 | M50: 10250000 | N50: 0 | O50: 0 | P50: - | Q50: - | R50: 0.07045 | S50: =IFERROR(IF(K50>0, K50/$K$72, 0),0) -> 0.089474262 | T50: =IFERROR(IF(INDEX($Y$14:$Y$200, MATCH(H50,$W$14:$W$200,0))<>"",INDEX($Y$14:$Y$200, MATCH(H50,$W$14:$W$200,0)),""),"") -> 절대성장형 | U50: =IFERROR(IF(INDEX($Z$14:$Z$200, MATCH(H50,$W$14:$W$200,0))<>"",INDEX($Z$14:$Z$200, MATCH(H50,$W$14:$W$200,0)),""),"") -> 베트남 | W50: 마이다스신성장기업포커스증권자투자신탁(주식)C-Pe2 | Y50: 절대성장형 | Z50: 국내 | AB50: =IF(AC50>0,AB49+1,"") | AF50: =IF(AG50>0,AF49+1,"") -> 4 | AG50: 글로벌 | AH50: 0.19322342 | AJ50: =IF(AK50>0,AJ49+1,"") -> 4 | AK50: 성장형 | AL50: 0.10779496
F51: =IF(G51<>"",F50+1,"") -> 5 | G51: 수익증권 | H51: 우리하이플러스채권증권자투자신탁1호(채권)C-Pe | I51: 25866799 | J51: 1044.09 | K51: 27007269 | L51: 25060000 | M51: 25585000 | N51: 525814 | O51: 0 | P51: - | Q51: - | R51: 0.0777 | S51: =IFERROR(IF(K51>0, K51/$K$72, 0),0) -> 0.22023689 | T51: =IFERROR(IF(INDEX($Y$14:$Y$200, MATCH(H51,$W$14:$W$200,0))<>"",INDEX($Y$14:$Y$200, MATCH(H51,$W$14:$W$200,0)),""),"") -> 절대안정형 | U51: =IFERROR(IF(INDEX($Z$14:$Z$200, MATCH(H51,$W$14:$W$200,0))<>"",INDEX($Z$14:$Z$200, MATCH(H51,$W$14:$W$200,0)),""),"") -> 국내 | W51: 유리베트남알파증권자투자신탁[주식]C-P1e | Y51: 절대성장형 | Z51: 베트남 | AB51: =IF(AC51>0,AB50+1,"") | AF51: =IF(AG51>0,AF50+1,"") -> 5 | AG51: 국내 | AH51: 0.38861089 | AJ51: =IF(AK51>0,AJ50+1,"")
F52: =IF(G52<>"",F51+1,"") -> 6 | G52: 수익증권 | H52: 한국투자글로벌AI&반도체TOP10증권자투자신탁UH(주식)C-Re | I52: 7932805 | J52: 2986.92 | K52: 23694654 | L52: 22780000 | M52: 22780000 | N52: 0 | O52: 0 | P52: - | Q52: - | R52: 0.04015 | S52: =IFERROR(IF(K52>0, K52/$K$72, 0),0) -> 0.19322342 | T52: =IFERROR(IF(INDEX($Y$14:$Y$200, MATCH(H52,$W$14:$W$200,0))<>"",INDEX($Y$14:$Y$200, MATCH(H52,$W$14:$W$200,0)),""),"") -> 절대성장형 | U52: =IFERROR(IF(INDEX($Z$14:$Z$200, MATCH(H52,$W$14:$W$200,0))<>"",INDEX($Z$14:$Z$200, MATCH(H52,$W$14:$W$200,0)),""),"") -> 글로벌 | W52: KCGI차이나증권투자신탁[주식]C-Pe | X52: NAMP56-003 | Y52: 절대성장형 | Z52: 중국 | AB52: =IF(AC52>0,AB51+1,"") | AF52: =IF(AG52>0,AF51+1,"") | AJ52: =IF(AK52>0,AJ51+1,"")
F53: =IF(G53<>"",F52+1,"") -> 7 | G53: ETF | H53: WON 미국우주항공방산 | I53: 228 | J53: 27185 | K53: 6198180 | L53: 6144600 | M53: 0 | N53: 0 | O53: 0 | P53: - | Q53: - | R53: 0.00872 | S53: =IFERROR(IF(K53>0, K53/$K$72, 0),0) -> 0.050544462 | T53: =IFERROR(IF(INDEX($Y$14:$Y$200, MATCH(H53,$W$14:$W$200,0))<>"",INDEX($Y$14:$Y$200, MATCH(H53,$W$14:$W$200,0)),""),"") -> 절대성장형 | U53: =IFERROR(IF(INDEX($Z$14:$Z$200, MATCH(H53,$W$14:$W$200,0))<>"",INDEX($Z$14:$Z$200, MATCH(H53,$W$14:$W$200,0)),""),"") -> 미국 | W53: 미래에셋인도중소형포커스증권자1(주식)CPe | X53: NAMP69-004 | Y53: 절대성장형 | Z53: 인도 | AB53: =IF(AC53>0,AB52+1,"") | AF53: =IF(AG53>0,AF52+1,"") | AJ53: =IF(AK53>0,AJ52+1,"")
F54: =IF(G54<>"",F53+1,"") -> 8 | G54: ETF | H54: KODEX 로봇액티브 | I54: 201 | J54: 34405 | K54: 6915405 | L54: 7363635 | M54: 0 | N54: 0 | O54: 0 | P54: - | Q54: - | R54: -0.06087 | S54: =IFERROR(IF(K54>0, K54/$K$72, 0),0) -> 0.056393236 | T54: =IFERROR(IF(INDEX($Y$14:$Y$200, MATCH(H54,$W$14:$W$200,0))<>"",INDEX($Y$14:$Y$200, MATCH(H54,$W$14:$W$200,0)),""),"") -> 절대성장형 | U54: =IFERROR(IF(INDEX($Z$14:$Z$200, MATCH(H54,$W$14:$W$200,0))<>"",INDEX($Z$14:$Z$200, MATCH(H54,$W$14:$W$200,0)),""),"") -> 국내 | W54: 유리베트남알파연금저축증권자[주식]C-e | X54: NAYRP2-005 | Y54: 절대성장형 | Z54: 베트남 | AB54: =IF(AC54>0,AB53+1,"") | AF54: =IF(AG54>0,AF53+1,"") | AJ54: =IF(AK54>0,AJ53+1,"")
F55: =IF(G55<>"",F54+1,"") -> 9 | G55: ETF | H55: ACE 미국30년국채액티브(H) | I55: 1410 | J55: 7635 | K55: 10765350 | L55: 11611350 | M55: 0 | N55: 0 | O55: 0 | P55: - | Q55: - | R55: -0.07286 | S55: =IFERROR(IF(K55>0, K55/$K$72, 0),0) -> 0.087788484 | T55: =IFERROR(IF(INDEX($Y$14:$Y$200, MATCH(H55,$W$14:$W$200,0))<>"",INDEX($Y$14:$Y$200, MATCH(H55,$W$14:$W$200,0)),""),"") -> 안정형 | U55: =IFERROR(IF(INDEX($Z$14:$Z$200, MATCH(H55,$W$14:$W$200,0))<>"",INDEX($Z$14:$Z$200, MATCH(H55,$W$14:$W$200,0)),""),"") -> 미국 | W55: KB코리아뉴웨이브증권투자신탁(주식)C-Pe | X55: NAZ564-001 | Y55: 성장형 | Z55: 국내 | AB55: =IF(AC55>0,AB54+1,"") | AF55: =IF(AG55>0,AF54+1,"") | AJ55: =IF(AK55>0,AJ54+1,"")
F56: =IF(G56<>"",F55+1,"") -> 10 | G56: 현금성자산(원화) | H56: 자동운용상품(고유계정대) | I56: 0 | J56: 0 | K56: 513297 | L56: 513297 | M56: 0 | N56: 0 | O56: 0 | P56: - | Q56: - | R56: 0 | S56: =IFERROR(IF(K56>0, K56/$K$72, 0),0) -> 0.0041857966 | T56: =IFERROR(IF(INDEX($Y$14:$Y$200, MATCH(H56,$W$14:$W$200,0))<>"",INDEX($Y$14:$Y$200, MATCH(H56,$W$14:$W$200,0)),""),"") -> 절대안정형 | U56: =IFERROR(IF(INDEX($Z$14:$Z$200, MATCH(H56,$W$14:$W$200,0))<>"",INDEX($Z$14:$Z$200, MATCH(H56,$W$14:$W$200,0)),""),"") -> 국내 | W56: KODEX 200 | X56: 69500 | Y56: 성장형 | Z56: 국내 | AB56: =IF(AC56>0,AB55+1,"") | AF56: =IF(AG56>0,AF55+1,"") | AJ56: =IF(AK56>0,AJ55+1,"")
F57: =IF(G57<>"",F56+1,"") | S57: =IFERROR(IF(K57>0, K57/$K$72, 0),0) -> 0 | T57: =IFERROR(IF(INDEX($Y$14:$Y$200, MATCH(H57,$W$14:$W$200,0))<>"",INDEX($Y$14:$Y$200, MATCH(H57,$W$14:$W$200,0)),""),"") | U57: =IFERROR(IF(INDEX($Z$14:$Z$200, MATCH(H57,$W$14:$W$200,0))<>"",INDEX($Z$14:$Z$200, MATCH(H57,$W$14:$W$200,0)),""),"") | W57: KODEX 미국빅테크10(H) | X57: 314250 | Y57: 절대성장형 | Z57: 미국 | AB57: =IF(AC57>0,AB56+1,"") | AF57: =IF(AG57>0,AF56+1,"") | AJ57: =IF(AK57>0,AJ56+1,"")
F58: =IF(G58<>"",F57+1,"") | S58: =IFERROR(IF(K58>0, K58/$K$72, 0),0) -> 0 | T58: =IFERROR(IF(INDEX($Y$14:$Y$200, MATCH(H58,$W$14:$W$200,0))<>"",INDEX($Y$14:$Y$200, MATCH(H58,$W$14:$W$200,0)),""),"") | U58: =IFERROR(IF(INDEX($Z$14:$Z$200, MATCH(H58,$W$14:$W$200,0))<>"",INDEX($Z$14:$Z$200, MATCH(H58,$W$14:$W$200,0)),""),"") | W58: TIGER BBIG | X58: 364960 | Y58: 성장형 | Z58: 국내 | AB58: =IF(AC58>0,AB57+1,"") | AF58: =IF(AG58>0,AF57+1,"") | AH58: 46 | AJ58: =IF(AK58>0,AJ57+1,"")
F59: =IF(G59<>"",F58+1,"") | S59: =IFERROR(IF(K59>0, K59/$K$72, 0),0) -> 0 | T59: =IFERROR(IF(INDEX($Y$14:$Y$200, MATCH(H59,$W$14:$W$200,0))<>"",INDEX($Y$14:$Y$200, MATCH(H59,$W$14:$W$200,0)),""),"") | U59: =IFERROR(IF(INDEX($Z$14:$Z$200, MATCH(H59,$W$14:$W$200,0))<>"",INDEX($Z$14:$Z$200, MATCH(H59,$W$14:$W$200,0)),""),"") | W59: 한국투자글로벌AI&반도체TOP10증권자(H)CPe | X59: NAH225-008 | Y59: 절대성장형 | Z59: 글로벌
F60: =IF(G60<>"",F59+1,"") | S60: =IFERROR(IF(K60>0, K60/$K$72, 0),0) -> 0 | T60: =IFERROR(IF(INDEX($Y$14:$Y$200, MATCH(H60,$W$14:$W$200,0))<>"",INDEX($Y$14:$Y$200, MATCH(H60,$W$14:$W$200,0)),""),"") | U60: =IFERROR(IF(INDEX($Z$14:$Z$200, MATCH(H60,$W$14:$W$200,0))<>"",INDEX($Z$14:$Z$200, MATCH(H60,$W$14:$W$200,0)),""),"") | W60: KODEX 미국S&P500 | X60: 379800 | Y60: 절대성장형 | Z60: 미국
F61: =IF(G61<>"",F60+1,"") | S61: =IFERROR(IF(K61>0, K61/$K$72, 0),0) -> 0 | T61: =IFERROR(IF(INDEX($Y$14:$Y$200, MATCH(H61,$W$14:$W$200,0))<>"",INDEX($Y$14:$Y$200, MATCH(H61,$W$14:$W$200,0)),""),"") | U61: =IFERROR(IF(INDEX($Z$14:$Z$200, MATCH(H61,$W$14:$W$200,0))<>"",INDEX($Z$14:$Z$200, MATCH(H61,$W$14:$W$200,0)),""),"") | W61: TIGER 미국테크TOP10 INDXX | X61: 381170 | Y61: 절대성장형 | Z61: 미국
F62: =IF(G62<>"",F61+1,"") | S62: =IFERROR(IF(K62>0, K62/$K$72, 0),0) -> 0 | T62: =IFERROR(IF(INDEX($Y$14:$Y$200, MATCH(H62,$W$14:$W$200,0))<>"",INDEX($Y$14:$Y$200, MATCH(H62,$W$14:$W$200,0)),""),"") | U62: =IFERROR(IF(INDEX($Z$14:$Z$200, MATCH(H62,$W$14:$W$200,0))<>"",INDEX($Z$14:$Z$200, MATCH(H62,$W$14:$W$200,0)),""),"") | W62: 카디안차이나드래곤AShareUH주식CP2E | X62: NABP58-003 | Y62: 절대성장형 | Z62: 중국
F63: =IF(G63<>"",F62+1,"") | S63: =IFERROR(IF(K63>0, K63/$K$72, 0),0) -> 0 | T63: =IFERROR(IF(INDEX($Y$14:$Y$200, MATCH(H63,$W$14:$W$200,0))<>"",INDEX($Y$14:$Y$200, MATCH(H63,$W$14:$W$200,0)),""),"") | U63: =IFERROR(IF(INDEX($Z$14:$Z$200, MATCH(H63,$W$14:$W$200,0))<>"",INDEX($Z$14:$Z$200, MATCH(H63,$W$14:$W$200,0)),""),"") | W63: 카디안차이나드래곤AShareUH주식CP2E | X63: NABP58-006 | Y63: 절대성장형 | Z63: 중국
F64: =IF(G64<>"",F63+1,"") | S64: =IFERROR(IF(K64>0, K64/$K$72, 0),0) -> 0 | T64: =IFERROR(IF(INDEX($Y$14:$Y$200, MATCH(H64,$W$14:$W$200,0))<>"",INDEX($Y$14:$Y$200, MATCH(H64,$W$14:$W$200,0)),""),"") | U64: =IFERROR(IF(INDEX($Z$14:$Z$200, MATCH(H64,$W$14:$W$200,0))<>"",INDEX($Z$14:$Z$200, MATCH(H64,$W$14:$W$200,0)),""),"") | W64: TIGER 미국필라델피아반도체나스닥 | Y64: 절대성장형 | Z64: 미국
F65: =IF(G65<>"",F64+1,"") | S65: =IFERROR(IF(K65>0, K65/$K$72, 0),0) -> 0 | T65: =IFERROR(IF(INDEX($Y$14:$Y$200, MATCH(H65,$W$14:$W$200,0))<>"",INDEX($Y$14:$Y$200, MATCH(H65,$W$14:$W$200,0)),""),"") | U65: =IFERROR(IF(INDEX($Z$14:$Z$200, MATCH(H65,$W$14:$W$200,0))<>"",INDEX($Z$14:$Z$200, MATCH(H65,$W$14:$W$200,0)),""),"") | W65: TIGER 미국S&P500 | X65: 360750 | Y65: 절대성장형 | Z65: 미국
F66: =IF(G66<>"",F65+1,"") | S66: =IFERROR(IF(K66>0, K66/$K$72, 0),0) -> 0 | T66: =IFERROR(IF(INDEX($Y$14:$Y$200, MATCH(H66,$W$14:$W$200,0))<>"",INDEX($Y$14:$Y$200, MATCH(H66,$W$14:$W$200,0)),""),"") | U66: =IFERROR(IF(INDEX($Z$14:$Z$200, MATCH(H66,$W$14:$W$200,0))<>"",INDEX($Z$14:$Z$200, MATCH(H66,$W$14:$W$200,0)),""),"") | W66: 미래에셋N2글로벌자산배분70증권투자1호(주식혼합-재간접)O | Y66: 절대성장형 | Z66: 글로벌
F67: =IF(G67<>"",F66+1,"") | S67: =IFERROR(IF(K67>0, K67/$K$72, 0),0) -> 0 | T67: =IFERROR(IF(INDEX($Y$14:$Y$200, MATCH(H67,$W$14:$W$200,0))<>"",INDEX($Y$14:$Y$200, MATCH(H67,$W$14:$W$200,0)),""),"") | U67: =IFERROR(IF(INDEX($Z$14:$Z$200, MATCH(H67,$W$14:$W$200,0))<>"",INDEX($Z$14:$Z$200, MATCH(H67,$W$14:$W$200,0)),""),"") | W67: NH-Amundi하나로TDF2045증권투자신탁[주식혼합-재간접형]C-O | Y67: 절대성장형 | Z67: 국내
F68: =IF(G68<>"",F67+1,"") | S68: =IFERROR(IF(K68>0, K68/$K$72, 0),0) -> 0 | T68: =IFERROR(IF(INDEX($Y$14:$Y$200, MATCH(H68,$W$14:$W$200,0))<>"",INDEX($Y$14:$Y$200, MATCH(H68,$W$14:$W$200,0)),""),"") | U68: =IFERROR(IF(INDEX($Z$14:$Z$200, MATCH(H68,$W$14:$W$200,0))<>"",INDEX($Z$14:$Z$200, MATCH(H68,$W$14:$W$200,0)),""),"") | W68: 삼성한국형TDF2045증권투자신탁H[주식혼합-재간접형]O(디폴트) | Y68: 절대성장형 | Z68: 국내
F69: =IF(G69<>"",F68+1,"") | S69: =IFERROR(IF(K69>0, K69/$K$72, 0),0) -> 0 | T69: =IFERROR(IF(INDEX($Y$14:$Y$200, MATCH(H69,$W$14:$W$200,0))<>"",INDEX($Y$14:$Y$200, MATCH(H69,$W$14:$W$200,0)),""),"") | U69: =IFERROR(IF(INDEX($Z$14:$Z$200, MATCH(H69,$W$14:$W$200,0))<>"",INDEX($Z$14:$Z$200, MATCH(H69,$W$14:$W$200,0)),""),"") | W69: AB미국그로스증권(주식-재간접형)Ce-P | X69: NGAB54-004 | Y69: 절대성장형 | Z69: 미국
F70: =IF(G70<>"",F69+1,"") | S70: =IFERROR(IF(K70>0, K70/$K$72, 0),0) -> 0 | T70: =IFERROR(IF(INDEX($Y$14:$Y$200, MATCH(H70,$W$14:$W$200,0))<>"",INDEX($Y$14:$Y$200, MATCH(H70,$W$14:$W$200,0)),""),"") | U70: =IFERROR(IF(INDEX($Z$14:$Z$200, MATCH(H70,$W$14:$W$200,0))<>"",INDEX($Z$14:$Z$200, MATCH(H70,$W$14:$W$200,0)),""),"")
F71: =IF(G71<>"",F70+1,"") | S71: =IFERROR(IF(K71>0, K71/$K$72, 0),0) -> 0 | T71: =IFERROR(IF(INDEX($Y$14:$Y$200, MATCH(H71,$W$14:$W$200,0))<>"",INDEX($Y$14:$Y$200, MATCH(H71,$W$14:$W$200,0)),""),"") | U71: =IFERROR(IF(INDEX($Z$14:$Z$200, MATCH(H71,$W$14:$W$200,0))<>"",INDEX($Z$14:$Z$200, MATCH(H71,$W$14:$W$200,0)),""),"")
H72: Total | K72: =SUM(K47:K71) -> 122628271 | L72: =SUM(L47:L71) -> 110278166 | M72: =SUM(M47:M71) -> 113952127 | N72: =SUM(N47:N71) -> 39226471 | S72: =SUM(S47:S71) -> 1
F74: =B5 -> 연금저축_거치
F75: 계좌번호 | G75: 납입원금 | H75: 월 납입액 | I75: 예수금 | J75: 총자산 | K75: 매입금액 | L75: 평가금액 | M75: 평가손익 | N75: 총수익률
F76: =IFERROR(INDEX(DB_연금저축_거치_History!C:C,MATCH($D$5,DB_연금저축_거치_History!$B:$B,0)),"") -> 0 | G76: =IFERROR(INDEX(DB_연금저축_거치_History!D:D,MATCH($D$5,DB_연금저축_거치_History!$B:$B,0)),"") -> 0 | H76: =IFERROR(INDEX(DB_연금저축_거치_History!E:E,MATCH($D$5,DB_연금저축_거치_History!$B:$B,0)),"") -> 0 | I76: =IFERROR(INDEX(DB_연금저축_거치_History!F:F,MATCH($D$5,DB_연금저축_거치_History!$B:$B,0)),"") -> 0 | J76: =IFERROR(INDEX(DB_연금저축_거치_History!G:G,MATCH($D$5,DB_연금저축_거치_History!$B:$B,0)),"") -> 0 | K76: =IFERROR(INDEX(DB_연금저축_거치_History!H:H,MATCH($D$5,DB_연금저축_거치_History!$B:$B,0)),"") -> 0 | L76: =IFERROR(INDEX(DB_연금저축_거치_History!I:I,MATCH($D$5,DB_연금저축_거치_History!$B:$B,0)),"") -> 0 | M76: =IFERROR(INDEX(DB_연금저축_거치_History!J:J,MATCH($D$5,DB_연금저축_거치_History!$B:$B,0)),"") -> 0 | N76: =IFERROR((L76+I76-G76)/G76,"")
F78: No | G78: 상품유형 | H78: 상품명 | I78: 종목코드 | J78: 잔고수량 | K78: 매입가 | L78: 현재가 | M78: 평가금액 | N78: 평가손익 | O78: 수익률 | P78: 만기일 | S78: 비중 | T78: 위험도 | U78: 지역 | AB78: No | AC78: 날짜 | AD78: 수익률 | AF78: No | AG78: 행 레이블 | AH78: 합계 : 비중 | AJ78: No | AK78: 행 레이블 | AL78: 합계 : 비중
F79: =IF(G79>0,1,"") -> 1 | G79: {=IFERROR( _xlfn.TAKE( _xlfn.WRAPROWS( _xlfn.TOROW( _xlfn.LET( _xlpm.data, _xlfn._xlws.FILTER(DB_연금저축_거치_History!L6:ZZ300, DB_연금저축_거치_History!B6:B300 = D5), IF(_xlpm.data = "", "", _xlpm.data) ), 0 ), 10 ), 25 ), "" )} | S79: =IFERROR(IF(M79>0, M79/$M$104, 0),0) -> 0 | T79: =IFERROR(IF(INDEX($Y$14:$Y$200, MATCH(H79,$W$14:$W$200,0))<>"",INDEX($Y$14:$Y$200, MATCH(H79,$W$14:$W$200,0)),""),"") | U79: =IFERROR(IF(INDEX($Z$14:$Z$200, MATCH(H79,$W$14:$W$200,0))<>"",INDEX($Z$14:$Z$200, MATCH(H79,$W$14:$W$200,0)),""),"") | AB79: =IF(AC79>0,1,"") | AC79: {=IFERROR( _xlfn.TAKE( _xlfn._xlws.FILTER( _xlfn.HSTACK(DB_연금저축_거치_History!B6:B200, DB_연금저축_거치_History!K6:K200), (DB_연금저축_거치_History!B6:B200 <> "") * (DB_연금저축_거치_History!K6:K200 <> "") ), -12 ), "" )} -> 0 | AD79: 0 | AF79: =IF(AG79>0,1,"") | AJ79: =IF(AK79>0,1,"")
F80: =IF(G80<>"",F79+1,"") | S80: =IFERROR(IF(M80>0, M80/$M$104, 0),0) -> 0 | T80: =IFERROR(IF(INDEX($Y$14:$Y$200, MATCH(H80,$W$14:$W$200,0))<>"",INDEX($Y$14:$Y$200, MATCH(H80,$W$14:$W$200,0)),""),"") | U80: =IFERROR(IF(INDEX($Z$14:$Z$200, MATCH(H80,$W$14:$W$200,0))<>"",INDEX($Z$14:$Z$200, MATCH(H80,$W$14:$W$200,0)),""),"") | AB80: =IF(AC80>0,AB79+1,"") | AF80: =IF(AG80>0,AF79+1,"") | AJ80: =IF(AK80>0,AJ79+1,"")
F81: =IF(G81<>"",F80+1,"") | S81: =IFERROR(IF(M81>0, M81/$M$104, 0),0) -> 0 | T81: =IFERROR(IF(INDEX($Y$14:$Y$200, MATCH(H81,$W$14:$W$200,0))<>"",INDEX($Y$14:$Y$200, MATCH(H81,$W$14:$W$200,0)),""),"") | U81: =IFERROR(IF(INDEX($Z$14:$Z$200, MATCH(H81,$W$14:$W$200,0))<>"",INDEX($Z$14:$Z$200, MATCH(H81,$W$14:$W$200,0)),""),"") | AB81: =IF(AC81>0,AB80+1,"") | AF81: =IF(AG81>0,AF80+1,"") | AJ81: =IF(AK81>0,AJ80+1,"")
S82: =IFERROR(IF(M82>0, M82/$M$104, 0),0) -> 0 | T82: =IFERROR(IF(INDEX($Y$14:$Y$200, MATCH(H82,$W$14:$W$200,0))<>"",INDEX($Y$14:$Y$200, MATCH(H82,$W$14:$W$200,0)),""),"") | U82: =IFERROR(IF(INDEX($Z$14:$Z$200, MATCH(H82,$W$14:$W$200,0))<>"",INDEX($Z$14:$Z$200, MATCH(H82,$W$14:$W$200,0)),""),"") | AB82: =IF(AC82>0,AB81+1,"") | AF82: =IF(AG82>0,AF81+1,"") | AJ82: =IF(AK82>0,AJ81+1,"")
S83: =IFERROR(IF(M83>0, M83/$M$104, 0),0) -> 0 | T83: =IFERROR(IF(INDEX($Y$14:$Y$200, MATCH(H83,$W$14:$W$200,0))<>"",INDEX($Y$14:$Y$200, MATCH(H83,$W$14:$W$200,0)),""),"") | U83: =IFERROR(IF(INDEX($Z$14:$Z$200, MATCH(H83,$W$14:$W$200,0))<>"",INDEX($Z$14:$Z$200, MATCH(H83,$W$14:$W$200,0)),""),"") | AB83: =IF(AC83>0,AB82+1,"") | AF83: =IF(AG83>0,AF82+1,"") | AJ83: =IF(AK83>0,AJ82+1,"")
S84: =IFERROR(IF(M84>0, M84/$M$104, 0),0) -> 0 | T84: =IFERROR(IF(INDEX($Y$14:$Y$200, MATCH(H84,$W$14:$W$200,0))<>"",INDEX($Y$14:$Y$200, MATCH(H84,$W$14:$W$200,0)),""),"") | U84: =IFERROR(IF(INDEX($Z$14:$Z$200, MATCH(H84,$W$14:$W$200,0))<>"",INDEX($Z$14:$Z$200, MATCH(H84,$W$14:$W$200,0)),""),"") | AB84: =IF(AC84>0,AB83+1,"") | AF84: =IF(AG84>0,AF83+1,"") | AJ84: =IF(AK84>0,AJ83+1,"")
S85: =IFERROR(IF(M85>0, M85/$M$104, 0),0) -> 0 | T85: =IFERROR(IF(INDEX($Y$14:$Y$200, MATCH(H85,$W$14:$W$200,0))<>"",INDEX($Y$14:$Y$200, MATCH(H85,$W$14:$W$200,0)),""),"") | U85: =IFERROR(IF(INDEX($Z$14:$Z$200, MATCH(H85,$W$14:$W$200,0))<>"",INDEX($Z$14:$Z$200, MATCH(H85,$W$14:$W$200,0)),""),"") | AB85: =IF(AC85>0,AB84+1,"") | AF85: =IF(AG85>0,AF84+1,"") | AJ85: =IF(AK85>0,AJ84+1,"")
S86: =IFERROR(IF(M86>0, M86/$M$104, 0),0) -> 0 | T86: =IFERROR(IF(INDEX($Y$14:$Y$200, MATCH(H86,$W$14:$W$200,0))<>"",INDEX($Y$14:$Y$200, MATCH(H86,$W$14:$W$200,0)),""),"") | U86: =IFERROR(IF(INDEX($Z$14:$Z$200, MATCH(H86,$W$14:$W$200,0))<>"",INDEX($Z$14:$Z$200, MATCH(H86,$W$14:$W$200,0)),""),"") | AB86: =IF(AC86>0,AB85+1,"") | AF86: =IF(AG86>0,AF85+1,"") | AJ86: =IF(AK86>0,AJ85+1,"")
S87: =IFERROR(IF(M87>0, M87/$M$104, 0),0) -> 0 | T87: =IFERROR(IF(INDEX($Y$14:$Y$200, MATCH(H87,$W$14:$W$200,0))<>"",INDEX($Y$14:$Y$200, MATCH(H87,$W$14:$W$200,0)),""),"") | U87: =IFERROR(IF(INDEX($Z$14:$Z$200, MATCH(H87,$W$14:$W$200,0))<>"",INDEX($Z$14:$Z$200, MATCH(H87,$W$14:$W$200,0)),""),"") | AB87: =IF(AC87>0,AB86+1,"") | AF87: =IF(AG87>0,AF86+1,"") | AJ87: =IF(AK87>0,AJ86+1,"")
S88: =IFERROR(IF(M88>0, M88/$M$104, 0),0) -> 0 | T88: =IFERROR(IF(INDEX($Y$14:$Y$200, MATCH(H88,$W$14:$W$200,0))<>"",INDEX($Y$14:$Y$200, MATCH(H88,$W$14:$W$200,0)),""),"") | U88: =IFERROR(IF(INDEX($Z$14:$Z$200, MATCH(H88,$W$14:$W$200,0))<>"",INDEX($Z$14:$Z$200, MATCH(H88,$W$14:$W$200,0)),""),"") | AB88: =IF(AC88>0,AB87+1,"") | AF88: =IF(AG88>0,AF87+1,"") | AJ88: =IF(AK88>0,AJ87+1,"")
S89: =IFERROR(IF(M89>0, M89/$M$104, 0),0) -> 0 | T89: =IFERROR(IF(INDEX($Y$14:$Y$200, MATCH(H89,$W$14:$W$200,0))<>"",INDEX($Y$14:$Y$200, MATCH(H89,$W$14:$W$200,0)),""),"") | U89: =IFERROR(IF(INDEX($Z$14:$Z$200, MATCH(H89,$W$14:$W$200,0))<>"",INDEX($Z$14:$Z$200, MATCH(H89,$W$14:$W$200,0)),""),"") | AB89: =IF(AC89>0,AB88+1,"") | AF89: =IF(AG89>0,AF88+1,"") | AJ89: =IF(AK89>0,AJ88+1,"")
S90: =IFERROR(IF(M90>0, M90/$M$104, 0),0) -> 0 | T90: =IFERROR(IF(INDEX($Y$14:$Y$200, MATCH(H90,$W$14:$W$200,0))<>"",INDEX($Y$14:$Y$200, MATCH(H90,$W$14:$W$200,0)),""),"") | U90: =IFERROR(IF(INDEX($Z$14:$Z$200, MATCH(H90,$W$14:$W$200,0))<>"",INDEX($Z$14:$Z$200, MATCH(H90,$W$14:$W$200,0)),""),"") | AB90: =IF(AC90>0,AB89+1,"") | AF90: =IF(AG90>0,AF89+1,"") | AJ90: =IF(AK90>0,AJ89+1,"")
S91: =IFERROR(IF(M91>0, M91/$M$104, 0),0) -> 0 | T91: =IFERROR(IF(INDEX($Y$14:$Y$200, MATCH(H91,$W$14:$W$200,0))<>"",INDEX($Y$14:$Y$200, MATCH(H91,$W$14:$W$200,0)),""),"") | U91: =IFERROR(IF(INDEX($Z$14:$Z$200, MATCH(H91,$W$14:$W$200,0))<>"",INDEX($Z$14:$Z$200, MATCH(H91,$W$14:$W$200,0)),""),"")
S92: =IFERROR(IF(M92>0, M92/$M$104, 0),0) -> 0 | T92: =IFERROR(IF(INDEX($Y$14:$Y$200, MATCH(H92,$W$14:$W$200,0))<>"",INDEX($Y$14:$Y$200, MATCH(H92,$W$14:$W$200,0)),""),"") | U92: =IFERROR(IF(INDEX($Z$14:$Z$200, MATCH(H92,$W$14:$W$200,0))<>"",INDEX($Z$14:$Z$200, MATCH(H92,$W$14:$W$200,0)),""),"")
S93: =IFERROR(IF(M93>0, M93/$M$104, 0),0) -> 0 | T93: =IFERROR(IF(INDEX($Y$14:$Y$200, MATCH(H93,$W$14:$W$200,0))<>"",INDEX($Y$14:$Y$200, MATCH(H93,$W$14:$W$200,0)),""),"") | U93: =IFERROR(IF(INDEX($Z$14:$Z$200, MATCH(H93,$W$14:$W$200,0))<>"",INDEX($Z$14:$Z$200, MATCH(H93,$W$14:$W$200,0)),""),"")
S94: =IFERROR(IF(M94>0, M94/$M$104, 0),0) -> 0 | T94: =IFERROR(IF(INDEX($Y$14:$Y$200, MATCH(H94,$W$14:$W$200,0))<>"",INDEX($Y$14:$Y$200, MATCH(H94,$W$14:$W$200,0)),""),"") | U94: =IFERROR(IF(INDEX($Z$14:$Z$200, MATCH(H94,$W$14:$W$200,0))<>"",INDEX($Z$14:$Z$200, MATCH(H94,$W$14:$W$200,0)),""),"")
S95: =IFERROR(IF(M95>0, M95/$M$104, 0),0) -> 0 | T95: =IFERROR(IF(INDEX($Y$14:$Y$200, MATCH(H95,$W$14:$W$200,0))<>"",INDEX($Y$14:$Y$200, MATCH(H95,$W$14:$W$200,0)),""),"") | U95: =IFERROR(IF(INDEX($Z$14:$Z$200, MATCH(H95,$W$14:$W$200,0))<>"",INDEX($Z$14:$Z$200, MATCH(H95,$W$14:$W$200,0)),""),"")
S96: =IFERROR(IF(M96>0, M96/$M$104, 0),0) -> 0 | T96: =IFERROR(IF(INDEX($Y$14:$Y$200, MATCH(H96,$W$14:$W$200,0))<>"",INDEX($Y$14:$Y$200, MATCH(H96,$W$14:$W$200,0)),""),"") | U96: =IFERROR(IF(INDEX($Z$14:$Z$200, MATCH(H96,$W$14:$W$200,0))<>"",INDEX($Z$14:$Z$200, MATCH(H96,$W$14:$W$200,0)),""),"")
S97: =IFERROR(IF(M97>0, M97/$M$104, 0),0) -> 0 | T97: =IFERROR(IF(INDEX($Y$14:$Y$200, MATCH(H97,$W$14:$W$200,0))<>"",INDEX($Y$14:$Y$200, MATCH(H97,$W$14:$W$200,0)),""),"") | U97: =IFERROR(IF(INDEX($Z$14:$Z$200, MATCH(H97,$W$14:$W$200,0))<>"",INDEX($Z$14:$Z$200, MATCH(H97,$W$14:$W$200,0)),""),"")
S98: =IFERROR(IF(M98>0, M98/$M$104, 0),0) -> 0 | T98: =IFERROR(IF(INDEX($Y$14:$Y$200, MATCH(H98,$W$14:$W$200,0))<>"",INDEX($Y$14:$Y$200, MATCH(H98,$W$14:$W$200,0)),""),"") | U98: =IFERROR(IF(INDEX($Z$14:$Z$200, MATCH(H98,$W$14:$W$200,0))<>"",INDEX($Z$14:$Z$200, MATCH(H98,$W$14:$W$200,0)),""),"")
S99: =IFERROR(IF(M99>0, M99/$M$104, 0),0) -> 0 | T99: =IFERROR(IF(INDEX($Y$14:$Y$200, MATCH(H99,$W$14:$W$200,0))<>"",INDEX($Y$14:$Y$200, MATCH(H99,$W$14:$W$200,0)),""),"") | U99: =IFERROR(IF(INDEX($Z$14:$Z$200, MATCH(H99,$W$14:$W$200,0))<>"",INDEX($Z$14:$Z$200, MATCH(H99,$W$14:$W$200,0)),""),"")
S100: =IFERROR(IF(M100>0, M100/$M$104, 0),0) -> 0 | T100: =IFERROR(IF(INDEX($Y$14:$Y$200, MATCH(H100,$W$14:$W$200,0))<>"",INDEX($Y$14:$Y$200, MATCH(H100,$W$14:$W$200,0)),""),"") | U100: =IFERROR(IF(INDEX($Z$14:$Z$200, MATCH(H100,$W$14:$W$200,0))<>"",INDEX($Z$14:$Z$200, MATCH(H100,$W$14:$W$200,0)),""),"")
S101: =IFERROR(IF(M101>0, M101/$M$104, 0),0) -> 0 | T101: =IFERROR(IF(INDEX($Y$14:$Y$200, MATCH(H101,$W$14:$W$200,0))<>"",INDEX($Y$14:$Y$200, MATCH(H101,$W$14:$W$200,0)),""),"") | U101: =IFERROR(IF(INDEX($Z$14:$Z$200, MATCH(H101,$W$14:$W$200,0))<>"",INDEX($Z$14:$Z$200, MATCH(H101,$W$14:$W$200,0)),""),"")
S102: =IFERROR(IF(M102>0, M102/$M$104, 0),0) -> 0 | T102: =IFERROR(IF(INDEX($Y$14:$Y$200, MATCH(H102,$W$14:$W$200,0))<>"",INDEX($Y$14:$Y$200, MATCH(H102,$W$14:$W$200,0)),""),"") | U102: =IFERROR(IF(INDEX($Z$14:$Z$200, MATCH(H102,$W$14:$W$200,0))<>"",INDEX($Z$14:$Z$200, MATCH(H102,$W$14:$W$200,0)),""),"")
S103: =IFERROR(IF(M103>0, M103/$M$104, 0),0) -> 0 | T103: =IFERROR(IF(INDEX($Y$14:$Y$200, MATCH(H103,$W$14:$W$200,0))<>"",INDEX($Y$14:$Y$200, MATCH(H103,$W$14:$W$200,0)),""),"") | U103: =IFERROR(IF(INDEX($Z$14:$Z$200, MATCH(H103,$W$14:$W$200,0))<>"",INDEX($Z$14:$Z$200, MATCH(H103,$W$14:$W$200,0)),""),"")
H104: Total | M104: =SUM(M79:M103) -> 0 | N104: =SUM(N79:N103) -> 0 | S104: =SUM(S79:S103) -> 0

Sheet Dashboard
B3: NH 투자증권 세액공제 투자상품 종합보고서
B5: ■ 개요 | K5: =TODAY() -> 46097
B7: 고객명 | C7: =Data_Input!C5 -> 김명화
B8: 자금현황 | C8: 구분 | D8: 조회일 | E8: 계좌번호 | F8: 월 납입액 | G8: 예수금 | H8: 납입원금 | I8: 평가금액 | K8: 수익금액 | L8: 총 누적수익률
C9: =Data_Templet!B3 -> 연금저축 | D9: =IFERROR(IF(Data_Templet!D3<>"",Data_Templet!D3,""),"") -> 0 | E9: =IFERROR(INDEX(DB_연금저축_History!C:C,MATCH(Data_Templet!$D3,DB_연금저축_History!$B:$B,0)),"") | F9: =IFERROR(INDEX(DB_연금저축_History!E:E,MATCH(Data_Templet!$D3,DB_연금저축_History!$B:$B,0)),"") | G9: =IFERROR(INDEX(DB_연금저축_History!F:F,MATCH(Data_Templet!$D3,DB_연금저축_History!$B:$B,0)),"") | H9: =IFERROR(INDEX(DB_연금저축_History!D:D,MATCH(Data_Templet!$D3,DB_연금저축_History!$B:$B,0)),"") | I9: =IFERROR(INDEX(DB_연금저축_History!I:I,MATCH(Data_Templet!$D3,DB_연금저축_History!$B:$B,0)),"") | K9: =IFERROR(INDEX(DB_연금저축_History!J:J,MATCH(Data_Templet!$D3,DB_연금저축_History!$B:$B,0)),"") | L9: =IFERROR(INDEX(DB_연금저축_History!K:K,MATCH(Data_Templet!$D3,DB_연금저축_History!$B:$B,0)),"")
C10: =Data_Templet!B4 -> IRP | D10: =IFERROR(IF(Data_Templet!D4<>"",Data_Templet!D4,""),"") -> 46064 | E10: =IFERROR(INDEX(DB_IRP_History!C:C,MATCH(Data_Templet!$D4,DB_IRP_History!$B:$B,0)),"") -> 204-03-53***8 | F10: =IFERROR(INDEX(DB_IRP_History!E:E,MATCH(Data_Templet!$D4,DB_IRP_History!$B:$B,0)),"") -> 300000 | G10: - | H10: =IFERROR(INDEX(DB_IRP_History!D:D,MATCH(Data_Templet!$D4,DB_IRP_History!$B:$B,0)),"") -> 80000000 | I10: =IFERROR(INDEX(DB_IRP_History!H:H,MATCH(Data_Templet!$D4,DB_IRP_History!$B:$B,0)),"") -> 122628271 | K10: =IFERROR(INDEX(DB_IRP_History!I:I,MATCH(Data_Templet!$D4,DB_IRP_History!$B:$B,0)),"") -> 26500109 | L10: =IFERROR(INDEX(DB_IRP_History!J:J,MATCH(Data_Templet!$D4,DB_IRP_History!$B:$B,0)),"") -> 0.4678
C11: =Data_Templet!B5 -> 연금저축_거치 | D11: =IFERROR(IF(Data_Templet!D5<>"",Data_Templet!D5,""),"") -> 0 | E11: =IFERROR(INDEX(DB_연금저축_거치_History!C:C,MATCH(Data_Templet!$D5,DB_연금저축_거치_History!$B:$B,0)),"") -> 0 | F11: =IFERROR(INDEX(DB_연금저축_거치_History!E:E,MATCH(Data_Templet!$D5,DB_연금저축_거치_History!$B:$B,0)),"") -> 0 | G11: =IFERROR(INDEX(DB_연금저축_거치_History!F:F,MATCH(Data_Templet!$D5,DB_연금저축_거치_History!$B:$B,0)),"") -> 0 | H11: =IFERROR(INDEX(DB_연금저축_거치_History!D:D,MATCH(Data_Templet!$D5,DB_연금저축_거치_History!$B:$B,0)),"") -> 0 | I11: =IFERROR(INDEX(DB_연금저축_거치_History!I:I,MATCH(Data_Templet!$D5,DB_연금저축_거치_History!$B:$B,0)),"") -> 0 | K11: =IFERROR(INDEX(DB_연금저축_거치_History!J:J,MATCH(Data_Templet!$D5,DB_연금저축_거치_History!$B:$B,0)),"") -> 0 | L11: =IFERROR(INDEX(DB_연금저축_거치_History!K:K,MATCH(Data_Templet!$D5,DB_연금저축_거치_History!$B:$B,0)),"") -> 0
C12: Total | F12: =SUM(F9:F11) -> 300000 | G12: =SUM(G9:G11) -> 0 | H12: =SUM(H9:H11) -> 80000000 | I12: =SUM(I9:I11) -> 122628271 | K12: =SUM(K9:K11) -> 26500109 | L12: =IFERROR(K12/H12,0) -> 0.33125136
B14: ■ 연금저축
B16: ● 포트폴리오 분석 | K16: 정기납입일 | L16: =IF(Data_Input!E2<>"",Data_Input!E2,"")
B18: NO. | C18: 상품명 | G18: 위험도 | H18: 매입금액 | I18: 평가금액 | K18: 평가손익 | L18: 수익률
B19: =IF(C19>0,1,"") -> 1 | C19: 예수금 | G19: 절대안정형 | H19: =G9 | I19: =G9 | K19: =IFERROR(I19-H19,"") | L19: 0
B20: =IF(OR(C20<=0, C20=""),"", B19+1) | C20: =IFERROR(IF(Data_Templet!H14<>"",Data_Templet!H14,""),"") | G20: =IFERROR(IF(Data_Templet!T14<>"",Data_Templet!T14,""),"") | H20: =IFERROR(IF(Data_Templet!J14<>"",(Data_Templet!K14*Data_Templet!J14),""),"") | I20: =IFERROR(IF(Data_Templet!M14<>"",Data_Templet!M14,""),"") | K20: =IFERROR(IF(Data_Templet!N14<>"",Data_Templet!N14,""),"") | L20: =IFERROR(IF(Data_Templet!O14<>"",Data_Templet!O14,""),"")
B21: =IF(OR(C21<=0, C21=""),"", B20+1) | C21: =IFERROR(IF(Data_Templet!H15<>"",Data_Templet!H15,""),"") | G21: =IFERROR(IF(Data_Templet!T15<>"",Data_Templet!T15,""),"") | H21: =IFERROR(IF(Data_Templet!J15<>"",(Data_Templet!K15*Data_Templet!J15),""),"") | I21: =IFERROR(IF(Data_Templet!M15<>"",Data_Templet!M15,""),"") | K21: =IFERROR(IF(Data_Templet!N15<>"",Data_Templet!N15,""),"") | L21: =IFERROR(IF(Data_Templet!O15<>"",Data_Templet!O15,""),"")
B22: =IF(OR(C22<=0, C22=""),"", B21+1) | C22: =IFERROR(IF(Data_Templet!H16<>"",Data_Templet!H16,""),"") | G22: =IFERROR(IF(Data_Templet!T16<>"",Data_Templet!T16,""),"") | H22: =IFERROR(IF(Data_Templet!J16<>"",(Data_Templet!K16*Data_Templet!J16),""),"") | I22: =IFERROR(IF(Data_Templet!M16<>"",Data_Templet!M16,""),"") | K22: =IFERROR(IF(Data_Templet!N16<>"",Data_Templet!N16,""),"") | L22: =IFERROR(IF(Data_Templet!O16<>"",Data_Templet!O16,""),"")
B23: =IF(OR(C23<=0, C23=""),"", B22+1) | C23: =IFERROR(IF(Data_Templet!H17<>"",Data_Templet!H17,""),"") | G23: =IFERROR(IF(Data_Templet!T17<>"",Data_Templet!T17,""),"") | H23: =IFERROR(IF(Data_Templet!J17<>"",(Data_Templet!K17*Data_Templet!J17),""),"") | I23: =IFERROR(IF(Data_Templet!M17<>"",Data_Templet!M17,""),"") | K23: =IFERROR(IF(Data_Templet!N17<>"",Data_Templet!N17,""),"") | L23: =IFERROR(IF(Data_Templet!O17<>"",Data_Templet!O17,""),"")
B24: =IF(OR(C24<=0, C24=""),"", B23+1) | C24: =IFERROR(IF(Data_Templet!H18<>"",Data_Templet!H18,""),"") | G24: =IFERROR(IF(Data_Templet!T18<>"",Data_Templet!T18,""),"") | H24: =IFERROR(IF(Data_Templet!J18<>"",(Data_Templet!K18*Data_Templet!J18),""),"") | I24: =IFERROR(IF(Data_Templet!M18<>"",Data_Templet!M18,""),"") | K24: =IFERROR(IF(Data_Templet!N18<>"",Data_Templet!N18,""),"") | L24: =IFERROR(IF(Data_Templet!O18<>"",Data_Templet!O18,""),"")
B25: =IF(OR(C25<=0, C25=""),"", B24+1) | C25: =IFERROR(IF(Data_Templet!H19<>"",Data_Templet!H19,""),"") | G25: =IFERROR(IF(Data_Templet!T19<>"",Data_Templet!T19,""),"") | H25: =IFERROR(IF(Data_Templet!J19<>"",(Data_Templet!K19*Data_Templet!J19),""),"") | I25: =IFERROR(IF(Data_Templet!M19<>"",Data_Templet!M19,""),"") | K25: =IFERROR(IF(Data_Templet!N19<>"",Data_Templet!N19,""),"") | L25: =IFERROR(IF(Data_Templet!O19<>"",Data_Templet!O19,""),"")
B26: =IF(OR(C26<=0, C26=""),"", B25+1) | C26: =IFERROR(IF(Data_Templet!H20<>"",Data_Templet!H20,""),"") | G26: =IFERROR(IF(Data_Templet!T20<>"",Data_Templet!T20,""),"") | H26: =IFERROR(IF(Data_Templet!J20<>"",(Data_Templet!K20*Data_Templet!J20),""),"") | I26: =IFERROR(IF(Data_Templet!M20<>"",Data_Templet!M20,""),"") | K26: =IFERROR(IF(Data_Templet!N20<>"",Data_Templet!N20,""),"") | L26: =IFERROR(IF(Data_Templet!O20<>"",Data_Templet!O20,""),"")
B27: =IF(OR(C27<=0, C27=""),"", B26+1) | C27: =IFERROR(IF(Data_Templet!H21<>"",Data_Templet!H21,""),"") | G27: =IFERROR(IF(Data_Templet!T21<>"",Data_Templet!T21,""),"") | H27: =IFERROR(IF(Data_Templet!J21<>"",(Data_Templet!K21*Data_Templet!J21),""),"") | I27: =IFERROR(IF(Data_Templet!M21<>"",Data_Templet!M21,""),"") | K27: =IFERROR(IF(Data_Templet!N21<>"",Data_Templet!N21,""),"") | L27: =IFERROR(IF(Data_Templet!O21<>"",Data_Templet!O21,""),"")
B28: =IF(OR(C28<=0, C28=""),"", B27+1) | C28: =IFERROR(IF(Data_Templet!H22<>"",Data_Templet!H22,""),"") | G28: =IFERROR(IF(Data_Templet!T22<>"",Data_Templet!T22,""),"") | H28: =IFERROR(IF(Data_Templet!J22<>"",(Data_Templet!K22*Data_Templet!J22),""),"") | I28: =IFERROR(IF(Data_Templet!M22<>"",Data_Templet!M22,""),"") | K28: =IFERROR(IF(Data_Templet!N22<>"",Data_Templet!N22,""),"") | L28: =IFERROR(IF(Data_Templet!O22<>"",Data_Templet!O22,""),"")
B29: =IF(OR(C29<=0, C29=""),"", B28+1) | C29: =IFERROR(IF(Data_Templet!H23<>"",Data_Templet!H23,""),"") | G29: =IFERROR(IF(Data_Templet!T23<>"",Data_Templet!T23,""),"") | H29: =IFERROR(IF(Data_Templet!J23<>"",(Data_Templet!K23*Data_Templet!J23),""),"") | I29: =IFERROR(IF(Data_Templet!M23<>"",Data_Templet!M23,""),"") | K29: =IFERROR(IF(Data_Templet!N23<>"",Data_Templet!N23,""),"") | L29: =IFERROR(IF(Data_Templet!O23<>"",Data_Templet!O23,""),"")
B30: =IF(OR(C30<=0, C30=""),"", B29+1) | C30: =IFERROR(IF(Data_Templet!H24<>"",Data_Templet!H24,""),"") | G30: =IFERROR(IF(Data_Templet!T24<>"",Data_Templet!T24,""),"") | H30: =IFERROR(IF(Data_Templet!J24<>"",(Data_Templet!K24*Data_Templet!J24),""),"") | I30: =IFERROR(IF(Data_Templet!M24<>"",Data_Templet!M24,""),"") | K30: =IFERROR(IF(Data_Templet!N24<>"",Data_Templet!N24,""),"") | L30: =IFERROR(IF(Data_Templet!O24<>"",Data_Templet!O24,""),"")
B31: =IF(OR(C31<=0, C31=""),"", B30+1) | C31: =IFERROR(IF(Data_Templet!H25<>"",Data_Templet!H25,""),"") | G31: =IFERROR(IF(Data_Templet!T25<>"",Data_Templet!T25,""),"") | H31: =IFERROR(IF(Data_Templet!J25<>"",(Data_Templet!K25*Data_Templet!J25),""),"") | I31: =IFERROR(IF(Data_Templet!M25<>"",Data_Templet!M25,""),"") | K31: =IFERROR(IF(Data_Templet!N25<>"",Data_Templet!N25,""),"") | L31: =IFERROR(IF(Data_Templet!O25<>"",Data_Templet!O25,""),"")
... B43: =IF(OR(C43<=0, C43=""),"", B42+1) | C43: =IFERROR(IF(Data_Templet!H37<>"",Data_Templet!H37,""),"") | G43: =IFERROR(IF(Data_Templet!T37<>"",Data_Templet!T37,""),"") | H43: =IFERROR(IF(Data_Templet!J37<>"",(Data_Templet!K37*Data_Templet!J37),""),"") | I43: =IFERROR(IF(Data_Templet!M37<>"",Data_Templet!M37,""),"") | K43: =IFERROR(IF(Data_Templet!N37<>"",Data_Templet!N37,""),"") | L43: =IFERROR(IF(Data_Templet!O37<>"",Data_Templet!O37,""),"")
H44: =SUM(H19:H43) -> 0 | I44: =SUM(I19:I43) -> 0 | K44: =SUM(K19:K43) -> 0 | L44: =IFERROR(K44/H44,"")
B46: ● 지역분산 | G46: ● 위험도 분산
B62: ● 수익률 그래프
B77: ● 포트폴리오 변경
J78: 1 | L78: 0
B79: NO. | C79: 상품명 | E79: 상품코드 | F79: 기준가 | G79: 평가금액 | H79: 수익률 | I79: 비중 | J79: 수정비중 | K79: 변경후 평가금액 | L79: (+/-)
B80: =IF(C80="","",1) -> 1 | C80: 예수금 | F80: =G9 | G80: =G9 | H80: =L19 -> 0 | I80: =IFERROR(IF(G80>0,G80/$G$105,""),"") | J80: =J78-SUM(J81:J104) -> 1 | K80: =IFERROR(IF(J80>0,J80*$G$105,0),"") -> 0 | L80: =L78-SUM(L81:L104) -> 0
B81: =IF(C81="","",B80+1) | C81: =IFERROR(IF(Data_Templet!H14<>"",Data_Templet!H14,""),"") | E81: =IFERROR(IF(Data_Templet!I14<>"",Data_Templet!I14,""),"") | F81: =IFERROR(IF(Data_Templet!L14<>"",Data_Templet!L14,""),"") | G81: =IFERROR(IF(Data_Templet!M14<>"",Data_Templet!M14,""),"") | H81: =IFERROR(IF(Data_Templet!O14<>"",Data_Templet!O14,""),"") | I81: =IFERROR(IF(G81>0,G81/$G$105,""),"") | K81: =IFERROR(IF(J81>0,J81*$G$105,0),"") -> 0 | L81: =ROUND(IF(K81>0,K81-G81,0),-4) -> 0
B82: =IF(C82="","",B81+1) | C82: =IFERROR(IF(Data_Templet!H16<>"",Data_Templet!H16,""),"") | E82: =IFERROR(IF(Data_Templet!I16<>"",Data_Templet!I16,""),"") | F82: =IFERROR(IF(Data_Templet!L16<>"",Data_Templet!L16,""),"") | G82: =IFERROR(IF(Data_Templet!M16<>"",Data_Templet!M16,""),"") | H82: =IFERROR(IF(Data_Templet!O16<>"",Data_Templet!O16,""),"") | I82: =IFERROR(IF(G82>0,G82/$G$105,""),"") | K82: =IFERROR(IF(J82>0,J82*$G$105,0),"") -> 0 | L82: =ROUND(IF(K82>0,K82-G82,0),-4) -> 0
B83: =IF(C83="","",B82+1) | C83: =IFERROR(IF(Data_Templet!H17<>"",Data_Templet!H17,""),"") | E83: =IFERROR(IF(Data_Templet!I17<>"",Data_Templet!I17,""),"") | F83: =IFERROR(IF(Data_Templet!L17<>"",Data_Templet!L17,""),"") | G83: =IFERROR(IF(Data_Templet!M17<>"",Data_Templet!M17,""),"") | H83: =IFERROR(IF(Data_Templet!O17<>"",Data_Templet!O17,""),"") | I83: =IFERROR(IF(G83>0,G83/$G$105,""),"") | K83: =IFERROR(IF(J83>0,J83*$G$105,0),"") -> 0 | L83: =ROUND(IF(K83>0,K83-G83,0),-4) -> 0
B84: =IF(C84="","",B83+1) | C84: =IFERROR(IF(Data_Templet!H18<>"",Data_Templet!H18,""),"") | E84: =IFERROR(IF(Data_Templet!I18<>"",Data_Templet!I18,""),"") | F84: =IFERROR(IF(Data_Templet!L18<>"",Data_Templet!L18,""),"") | G84: =IFERROR(IF(Data_Templet!M18<>"",Data_Templet!M18,""),"") | H84: =IFERROR(IF(Data_Templet!O18<>"",Data_Templet!O18,""),"") | I84: =IFERROR(IF(G84>0,G84/$G$105,""),"") | K84: =IFERROR(IF(J84>0,J84*$G$105,0),"") -> 0 | L84: =ROUND(IF(K84>0,K84-G84,0),-4) -> 0
B85: =IF(C85="","",B84+1) | C85: =IFERROR(IF(Data_Templet!H19<>"",Data_Templet!H19,""),"") | E85: =IFERROR(IF(Data_Templet!I19<>"",Data_Templet!I19,""),"") | F85: =IFERROR(IF(Data_Templet!L19<>"",Data_Templet!L19,""),"") | G85: =IFERROR(IF(Data_Templet!M19<>"",Data_Templet!M19,""),"") | H85: =IFERROR(IF(Data_Templet!O19<>"",Data_Templet!O19,""),"") | I85: =IFERROR(IF(G85>0,G85/$G$105,""),"") | K85: =IFERROR(IF(J85>0,J85*$G$105,0),"") -> 0 | L85: =ROUND(IF(K85>0,K85-G85,0),-4) -> 0
B86: =IF(C86="","",B85+1) | C86: =IFERROR(IF(Data_Templet!H20<>"",Data_Templet!H20,""),"") | E86: =IFERROR(IF(Data_Templet!I20<>"",Data_Templet!I20,""),"") | F86: =IFERROR(IF(Data_Templet!L20<>"",Data_Templet!L20,""),"") | G86: =IFERROR(IF(Data_Templet!M20<>"",Data_Templet!M20,""),"") | H86: =IFERROR(IF(Data_Templet!O20<>"",Data_Templet!O20,""),"") | I86: =IFERROR(IF(G86>0,G86/$G$105,""),"") | K86: =IFERROR(IF(J86>0,J86*$G$105,0),"") -> 0 | L86: =ROUND(IF(K86>0,K86-G86,0),-4) -> 0
B87: =IF(C87="","",B86+1) | C87: =IFERROR(IF(Data_Templet!H21<>"",Data_Templet!H21,""),"") | E87: =IFERROR(IF(Data_Templet!I21<>"",Data_Templet!I21,""),"") | F87: =IFERROR(IF(Data_Templet!L21<>"",Data_Templet!L21,""),"") | G87: =IFERROR(IF(Data_Templet!M21<>"",Data_Templet!M21,""),"") | H87: =IFERROR(IF(Data_Templet!O21<>"",Data_Templet!O21,""),"") | I87: =IFERROR(IF(G87>0,G87/$G$105,""),"") | K87: =IFERROR(IF(J87>0,J87*$G$105,0),"") -> 0 | L87: =ROUND(IF(K87>0,K87-G87,0),-4) -> 0
B88: =IF(C88="","",B87+1) | C88: =IFERROR(IF(Data_Templet!H22<>"",Data_Templet!H22,""),"") | E88: =IFERROR(IF(Data_Templet!I22<>"",Data_Templet!I22,""),"") | F88: =IFERROR(IF(Data_Templet!L22<>"",Data_Templet!L22,""),"") | G88: =IFERROR(IF(Data_Templet!M22<>"",Data_Templet!M22,""),"") | H88: =IFERROR(IF(Data_Templet!O22<>"",Data_Templet!O22,""),"") | I88: =IFERROR(IF(G88>0,G88/$G$105,""),"") | K88: =IFERROR(IF(J88>0,J88*$G$105,0),"") -> 0 | L88: =ROUND(IF(K88>0,K88-G88,0),-4) -> 0
B89: =IF(C89="","",B88+1) | C89: =IFERROR(IF(Data_Templet!H23<>"",Data_Templet!H23,""),"") | E89: =IFERROR(IF(Data_Templet!I23<>"",Data_Templet!I23,""),"") | F89: =IFERROR(IF(Data_Templet!L23<>"",Data_Templet!L23,""),"") | G89: =IFERROR(IF(Data_Templet!M23<>"",Data_Templet!M23,""),"") | H89: =IFERROR(IF(Data_Templet!O23<>"",Data_Templet!O23,""),"") | I89: =IFERROR(IF(G89>0,G89/$G$105,""),"") | K89: =IFERROR(IF(J89>0,J89*$G$105,0),"") -> 0 | L89: =ROUND(IF(K89>0,K89-G89,0),-4) -> 0
B90: =IF(C90="","",B89+1) | C90: =IFERROR(IF(Data_Templet!H24<>"",Data_Templet!H24,""),"") | E90: =IFERROR(IF(Data_Templet!I24<>"",Data_Templet!I24,""),"") | F90: =IFERROR(IF(Data_Templet!L24<>"",Data_Templet!L24,""),"") | G90: =IFERROR(IF(Data_Templet!M24<>"",Data_Templet!M24,""),"") | H90: =IFERROR(IF(Data_Templet!O24<>"",Data_Templet!O24,""),"") | I90: =IFERROR(IF(G90>0,G90/$G$105,""),"") | K90: =IFERROR(IF(J90>0,J90*$G$105,0),"") -> 0 | L90: =ROUND(IF(K90>0,K90-G90,0),-4) -> 0
B91: =IF(C91="","",B90+1) | C91: =IFERROR(IF(Data_Templet!H25<>"",Data_Templet!H25,""),"") | E91: =IFERROR(IF(Data_Templet!I25<>"",Data_Templet!I25,""),"") | F91: =IFERROR(IF(Data_Templet!L25<>"",Data_Templet!L25,""),"") | G91: =IFERROR(IF(Data_Templet!M25<>"",Data_Templet!M25,""),"") | H91: =IFERROR(IF(Data_Templet!O25<>"",Data_Templet!O25,""),"") | I91: =IFERROR(IF(G91>0,G91/$G$105,""),"") | K91: =IFERROR(IF(J91>0,J91*$G$105,0),"") -> 0 | L91: =ROUND(IF(K91>0,K91-G91,0),-4) -> 0
B92: =IF(C92="","",B91+1) | C92: =IFERROR(IF(Data_Templet!H26<>"",Data_Templet!H26,""),"") | E92: =IFERROR(IF(Data_Templet!I26<>"",Data_Templet!I26,""),"") | F92: =IFERROR(IF(Data_Templet!L26<>"",Data_Templet!L26,""),"") | G92: =IFERROR(IF(Data_Templet!M26<>"",Data_Templet!M26,""),"") | H92: =IFERROR(IF(Data_Templet!O26<>"",Data_Templet!O26,""),"") | I92: =IFERROR(IF(G92>0,G92/$G$105,""),"") | K92: =IFERROR(IF(J92>0,J92*$G$105,0),"") -> 0 | L92: =ROUND(IF(K92>0,K92-G92,0),-4) -> 0
B93: =IF(C93="","",B92+1) | C93: =IFERROR(IF(Data_Templet!H27<>"",Data_Templet!H27,""),"") | E93: =IFERROR(IF(Data_Templet!I27<>"",Data_Templet!I27,""),"") | F93: =IFERROR(IF(Data_Templet!L27<>"",Data_Templet!L27,""),"") | G93: =IFERROR(IF(Data_Templet!M27<>"",Data_Templet!M27,""),"") | H93: =IFERROR(IF(Data_Templet!O27<>"",Data_Templet!O27,""),"") | I93: =IFERROR(IF(G93>0,G93/$G$105,""),"") | K93: =IFERROR(IF(J93>0,J93*$G$105,0),"") -> 0 | L93: =ROUND(IF(K93>0,K93-G93,0),-4) -> 0
... B104: =IF(C104="","",B103+1) | C104: =IFERROR(IF(Data_Templet!H38<>"",Data_Templet!H38,""),"") | E104: =IFERROR(IF(Data_Templet!I38<>"",Data_Templet!I38,""),"") | F104: =IFERROR(IF(Data_Templet!L38<>"",Data_Templet!L38,""),"") | G104: =IFERROR(IF(Data_Templet!M38<>"",Data_Templet!M38,""),"") | H104: =IFERROR(IF(Data_Templet!O38<>"",Data_Templet!O38,""),"") | I104: =IFERROR(IF(G104>0,G104/$G$105,""),"") | K104: =IFERROR(IF(J104>0,J104*$G$105,0),"") -> 0 | L104: =ROUND(IF(K104>0,K104-G104,0),-4) -> 0
B105: Total | G105: =SUM(G80:G104) -> 0 | I105: =SUM(I80:I104) -> 0 | J105: =SUM(J80:J104) -> 1 | K105: =SUM(K80:K104) -> 0 | L105: =SUM(L80:L104) -> 0
B107: ■ IRP
B109: ● 포트폴리오 분석 | K109: 정기납입일 | L109: =IF(Data_Input!E3<>"",Data_Input!E3,"") -> 15
B111: NO. | C111: 상품명 | G111: 위험도 | H111: 매입금액 | I111: 평가금액 | K111: 평가손익 | L111: 수익률
B112: =IF(C112>0,1,"") -> 1 | C112: =IFERROR(IF(Data_Templet!H47<>"",Data_Templet!H47,""),"") -> 미래에셋인도중소형포커스증권자투자신탁1호(주식)C-P2e | G112: =IFERROR(IF(Data_Templet!T47<>"",Data_Templet!T47,""),"") -> 절대성장형 | H112: =IFERROR(IF(Data_Templet!L47<>"",Data_Templet!L47,""),"") -> 5570000 | I112: =IFERROR(IF(Data_Templet!K47<>"",Data_Templet!K47,""),"") -> 5392814 | K112: =IFERROR(IF(I112>0,I112-H112,0),"") -> -177186 | L112: =IFERROR(IF(Data_Templet!R47<>"",Data_Templet!R47,""),"") -> -0.03181
B113: =IF(OR(C113<=0, C113=""),"", B112+1) -> 2 | C113: =IFERROR(IF(Data_Templet!H48<>"",Data_Templet!H48,""),"") -> 마이다스책임투자증권투자신탁(주식)C-Pe2 | G113: =IFERROR(IF(Data_Templet!T48<>"",Data_Templet!T48,""),"") -> 성장형 | H113: =IFERROR(IF(Data_Templet!L48<>"",Data_Templet!L48,""),"") -> 5647761 | I113: =IFERROR(IF(Data_Templet!K48<>"",Data_Templet!K48,""),"") -> 13218710 | K113: =IFERROR(IF(I113>0,I113-H113,0),"") -> 7570949 | L113: =IFERROR(IF(Data_Templet!R48<>"",Data_Templet!R48,""),"") -> 1.34052
B114: =IF(OR(C114<=0, C114=""),"", B113+1) -> 3 | C114: =IFERROR(IF(Data_Templet!H49<>"",Data_Templet!H49,""),"") -> AB미국그로스증권투자신탁(주식-재간접형)Ce-P2 | G114: =IFERROR(IF(Data_Templet!T49<>"",Data_Templet!T49,""),"") -> 절대성장형 | H114: =IFERROR(IF(Data_Templet!L49<>"",Data_Templet!L49,""),"") -> 15337523 | I114: =IFERROR(IF(Data_Templet!K49<>"",Data_Templet!K49,""),"") -> 17950518 | K114: =IFERROR(IF(I114>0,I114-H114,0),"") -> 2612995 | L114: =IFERROR(IF(Data_Templet!R49<>"",Data_Templet!R49,""),"") -> 0.17037
B115: =IF(OR(C115<=0, C115=""),"", B114+1) -> 4 | C115: =IFERROR(IF(Data_Templet!H50<>"",Data_Templet!H50,""),"") -> 한국투자연금베트남증권자투자신탁(주식혼합)C-Re | G115: =IFERROR(IF(Data_Templet!T50<>"",Data_Templet!T50,""),"") -> 절대성장형 | H115: =IFERROR(IF(Data_Templet!L50<>"",Data_Templet!L50,""),"") -> 10250000 | I115: =IFERROR(IF(Data_Templet!K50<>"",Data_Templet!K50,""),"") -> 10972074 | K115: =IFERROR(IF(I115>0,I115-H115,0),"") -> 722074 | L115: =IFERROR(IF(Data_Templet!R50<>"",Data_Templet!R50,""),"") -> 0.07045
B116: =IF(OR(C116<=0, C116=""),"", B115+1) -> 5 | C116: =IFERROR(IF(Data_Templet!H51<>"",Data_Templet!H51,""),"") -> 우리하이플러스채권증권자투자신탁1호(채권)C-Pe | G116: =IFERROR(IF(Data_Templet!T51<>"",Data_Templet!T51,""),"") -> 절대안정형 | H116: =IFERROR(IF(Data_Templet!L51<>"",Data_Templet!L51,""),"") -> 25060000 | I116: =IFERROR(IF(Data_Templet!K51<>"",Data_Templet!K51,""),"") -> 27007269 | K116: =IFERROR(IF(I116>0,I116-H116,0),"") -> 1947269 | L116: =IFERROR(IF(Data_Templet!R51<>"",Data_Templet!R51,""),"") -> 0.0777
B117: =IF(OR(C117<=0, C117=""),"", B116+1) -> 6 | C117: =IFERROR(IF(Data_Templet!H52<>"",Data_Templet!H52,""),"") -> 한국투자글로벌AI&반도체TOP10증권자투자신탁UH(주식)C-Re | G117: =IFERROR(IF(Data_Templet!T52<>"",Data_Templet!T52,""),"") -> 절대성장형 | H117: =IFERROR(IF(Data_Templet!L52<>"",Data_Templet!L52,""),"") -> 22780000 | I117: =IFERROR(IF(Data_Templet!K52<>"",Data_Templet!K52,""),"") -> 23694654 | K117: =IFERROR(IF(I117>0,I117-H117,0),"") -> 914654 | L117: =IFERROR(IF(Data_Templet!R52<>"",Data_Templet!R52,""),"") -> 0.04015
B118: =IF(OR(C118<=0, C118=""),"", B117+1) -> 7 | C118: =IFERROR(IF(Data_Templet!H53<>"",Data_Templet!H53,""),"") -> WON 미국우주항공방산 | G118: =IFERROR(IF(Data_Templet!T53<>"",Data_Templet!T53,""),"") -> 절대성장형 | H118: =IFERROR(IF(Data_Templet!L53<>"",Data_Templet!L53,""),"") -> 6144600 | I118: =IFERROR(IF(Data_Templet!K53<>"",Data_Templet!K53,""),"") -> 6198180 | K118: =IFERROR(IF(I118>0,I118-H118,0),"") -> 53580 | L118: =IFERROR(IF(Data_Templet!R53<>"",Data_Templet!R53,""),"") -> 0.00872
B119: =IF(OR(C119<=0, C119=""),"", B118+1) -> 8 | C119: =IFERROR(IF(Data_Templet!H54<>"",Data_Templet!H54,""),"") -> KODEX 로봇액티브 | G119: =IFERROR(IF(Data_Templet!T54<>"",Data_Templet!T54,""),"") -> 절대성장형 | H119: =IFERROR(IF(Data_Templet!L54<>"",Data_Templet!L54,""),"") -> 7363635 | I119: =IFERROR(IF(Data_Templet!K54<>"",Data_Templet!K54,""),"") -> 6915405 | K119: =IFERROR(IF(I119>0,I119-H119,0),"") -> -448230 | L119: =IFERROR(IF(Data_Templet!R54<>"",Data_Templet!R54,""),"") -> -0.06087
B120: =IF(OR(C120<=0, C120=""),"", B119+1) -> 9 | C120: =IFERROR(IF(Data_Templet!H55<>"",Data_Templet!H55,""),"") -> ACE 미국30년국채액티브(H) | G120: =IFERROR(IF(Data_Templet!T55<>"",Data_Templet!T55,""),"") -> 안정형 | H120: =IFERROR(IF(Data_Templet!L55<>"",Data_Templet!L55,""),"") -> 11611350 | I120: =IFERROR(IF(Data_Templet!K55<>"",Data_Templet!K55,""),"") -> 10765350 | K120: =IFERROR(IF(I120>0,I120-H120,0),"") -> -846000 | L120: =IFERROR(IF(Data_Templet!R55<>"",Data_Templet!R55,""),"") -> -0.07286
B121: =IF(OR(C121<=0, C121=""),"", B120+1) -> 10 | C121: =IFERROR(IF(Data_Templet!H56<>"",Data_Templet!H56,""),"") -> 자동운용상품(고유계정대) | G121: =IFERROR(IF(Data_Templet!T56<>"",Data_Templet!T56,""),"") -> 절대안정형 | H121: =IFERROR(IF(Data_Templet!L56<>"",Data_Templet!L56,""),"") -> 513297 | I121: =IFERROR(IF(Data_Templet!K56<>"",Data_Templet!K56,""),"") -> 513297 | K121: =IFERROR(IF(I121>0,I121-H121,0),"") -> 0 | L121: =IFERROR(IF(Data_Templet!R56<>"",Data_Templet!R56,""),"") -> 0
B122: =IF(OR(C122<=0, C122=""),"", B121+1) | C122: =IFERROR(IF(Data_Templet!H57<>"",Data_Templet!H57,""),"") | G122: =IFERROR(IF(Data_Templet!T57<>"",Data_Templet!T57,""),"") | H122: =IFERROR(IF(Data_Templet!L57<>"",Data_Templet!L57,""),"") | I122: =IFERROR(IF(Data_Templet!K57<>"",Data_Templet!K57,""),"") | K122: =IFERROR(IF(I122>0,I122-H122,0),"") | L122: =IFERROR(IF(Data_Templet!R57<>"",Data_Templet!R57,""),"")
B123: =IF(OR(C123<=0, C123=""),"", B122+1) | C123: =IFERROR(IF(Data_Templet!H58<>"",Data_Templet!H58,""),"") | G123: =IFERROR(IF(Data_Templet!T58<>"",Data_Templet!T58,""),"") | H123: =IFERROR(IF(Data_Templet!L58<>"",Data_Templet!L58,""),"") | I123: =IFERROR(IF(Data_Templet!K58<>"",Data_Templet!K58,""),"") | K123: =IFERROR(IF(I123>0,I123-H123,0),"") | L123: =IFERROR(IF(Data_Templet!R58<>"",Data_Templet!R58,""),"")
B124: =IF(OR(C124<=0, C124=""),"", B123+1) | C124: =IFERROR(IF(Data_Templet!H59<>"",Data_Templet!H59,""),"") | G124: =IFERROR(IF(Data_Templet!T59<>"",Data_Templet!T59,""),"") | H124: =IFERROR(IF(Data_Templet!L59<>"",Data_Templet!L59,""),"") | I124: =IFERROR(IF(Data_Templet!K59<>"",Data_Templet!K59,""),"") | K124: =IFERROR(IF(I124>0,I124-H124,0),"") | L124: =IFERROR(IF(Data_Templet!R59<>"",Data_Templet!R59,""),"")
... B135: =IF(OR(C135<=0, C135=""),"", B134+1) | C135: =IFERROR(IF(Data_Templet!H70<>"",Data_Templet!H70,""),"") | G135: =IFERROR(IF(Data_Templet!T70<>"",Data_Templet!T70,""),"") | H135: =IFERROR(IF(Data_Templet!L70<>"",Data_Templet!L70,""),"") | I135: =IFERROR(IF(Data_Templet!K70<>"",Data_Templet!K70,""),"") | K135: =IFERROR(IF(I135>0,I135-H135,0),"") | L135: =IFERROR(IF(Data_Templet!R70<>"",Data_Templet!R70,""),"")
B136: =IF(OR(C136<=0, C136=""),"", B135+1) | C136: =IFERROR(IF(Data_Templet!H67<>"",Data_Templet!H67,""),"") | G136: =IFERROR(IF(Data_Templet!T71<>"",Data_Templet!T71,""),"") | H136: =IFERROR(IF(Data_Templet!L71<>"",Data_Templet!L71,""),"") | I136: =IFERROR(IF(Data_Templet!K71<>"",Data_Templet!K71,""),"") | K136: =IFERROR(IF(I136>0,I136-H136,0),"") | L136: =IFERROR(IF(Data_Templet!R71<>"",Data_Templet!R71,""),"")
H137: =SUM(H112:H136) -> 110278166 | I137: =SUM(I112:I136) -> 122628271 | K137: =SUM(K112:K136) -> 12350105 | L137: =IFERROR((I137-H137)/H137,"") -> 0.11199048
B139: ● 지역분산 | G139: ● 위험도 분산
B155: ● 수익률 그래프
B170: ● 포트폴리오 변경
J171: 1 | L171: 0
B172: NO. | C172: 상품명 | F172: 기준가 | G172: 평가금액 | H172: 수익률 | I172: 비중 | J172: 수정비중 | K172: 변경후 평가금액 | L172: (+/-)
B173: =IF(C173="","",1) -> 1 | C173: =IFERROR(IF(Data_Templet!H47<>"",Data_Templet!H47,""),"") -> 미래에셋인도중소형포커스증권자투자신탁1호(주식)C-P2e | F173: =IFERROR(IF(Data_Templet!J47<>"",Data_Templet!J47,""),"") -> 3092.24 | G173: =IFERROR(IF(Data_Templet!K47<>"",Data_Templet!K47,""),"") -> 5392814 | H173: =IFERROR(IF(Data_Templet!R47<>"",Data_Templet!R47,""),"") -> -0.03181 | I173: =IFERROR(IF(Data_Templet!S47<>0,Data_Templet!S47,""),"") -> 0.043976923 | K173: =IFERROR(IF(J173>0,J173*$G$198,0),"") -> 0 | L173: =IFERROR(ROUND(IF(C173="자동운용상품(고유계정대)",$L$171-SUM(L174:L197),K173-G173),-4),0) -> -5390000
B174: =IF(C173="","",B173+1) -> 2 | C174: =IFERROR(IF(Data_Templet!H48<>"",Data_Templet!H48,""),"") -> 마이다스책임투자증권투자신탁(주식)C-Pe2 | F174: =IFERROR(IF(Data_Templet!J48<>"",Data_Templet!J48,""),"") -> 3290.15 | G174: =IFERROR(IF(Data_Templet!K48<>"",Data_Templet!K48,""),"") -> 13218710 | H174: =IFERROR(IF(Data_Templet!R48<>"",Data_Templet!R48,""),"") -> 1.34052 | I174: =IFERROR(IF(Data_Templet!S48<>0,Data_Templet!S48,""),"") -> 0.10779496 | K174: =IFERROR(IF(J174>0,J174*$G$198,0),"") -> 0 | L174: =IFERROR(ROUND(IF(C174="자동운용상품(고유계정대)",$L$171-SUM(L175:L197)-L173,K174-G174),-4),0) -> -13220000
B175: =IF(C174="","",B174+1) -> 3 | C175: =IFERROR(IF(Data_Templet!H49<>"",Data_Templet!H49,""),"") -> AB미국그로스증권투자신탁(주식-재간접형)Ce-P2 | F175: =IFERROR(IF(Data_Templet!J49<>"",Data_Templet!J49,""),"") -> 2844.5 | G175: =IFERROR(IF(Data_Templet!K49<>"",Data_Templet!K49,""),"") -> 17950518 | H175: =IFERROR(IF(Data_Templet!R49<>"",Data_Templet!R49,""),"") -> 0.17037 | I175: =IFERROR(IF(Data_Templet!S49<>0,Data_Templet!S49,""),"") -> 0.14638156 | K175: =IFERROR(IF(J175>0,J175*$G$198,0),"") -> 0 | L175: =IFERROR(ROUND(IF(C175="자동운용상품(고유계정대)",$L$171-SUM(L176:L197)-SUM(L173:L174),K175-G175),-4),0) -> -17950000
B176: =IF(C175="","",B175+1) -> 4 | C176: =IFERROR(IF(Data_Templet!H50<>"",Data_Templet!H50,""),"") -> 한국투자연금베트남증권자투자신탁(주식혼합)C-Re | F176: =IFERROR(IF(Data_Templet!J50<>"",Data_Templet!J50,""),"") -> 1040.32 | G176: =IFERROR(IF(Data_Templet!K50<>"",Data_Templet!K50,""),"") -> 10972074 | H176: =IFERROR(IF(Data_Templet!R50<>"",Data_Templet!R50,""),"") -> 0.07045 | I176: =IFERROR(IF(Data_Templet!S50<>0,Data_Templet!S50,""),"") -> 0.089474262 | K176: =IFERROR(IF(J176>0,J176*$G$198,0),"") -> 0 | L176: =IFERROR(ROUND(IF(C176="자동운용상품(고유계정대)",$L$171-SUM(L177:L197)-SUM(L173:L175),K176-G176),-4),0) -> -10970000
B177: =IF(C176="","",B176+1) -> 5 | C177: =IFERROR(IF(Data_Templet!H51<>"",Data_Templet!H51,""),"") -> 우리하이플러스채권증권자투자신탁1호(채권)C-Pe | F177: =IFERROR(IF(Data_Templet!J51<>"",Data_Templet!J51,""),"") -> 1044.09 | G177: =IFERROR(IF(Data_Templet!K51<>"",Data_Templet!K51,""),"") -> 27007269 | H177: =IFERROR(IF(Data_Templet!R51<>"",Data_Templet!R51,""),"") -> 0.0777 | I177: =IFERROR(IF(Data_Templet!S51<>0,Data_Templet!S51,""),"") -> 0.22023689 | K177: =IFERROR(IF(J177>0,J177*$G$198,0),"") -> 0 | L177: =IFERROR(ROUND(IF(C177="자동운용상품(고유계정대)",$L$171-SUM(L178:L197)-SUM(L173:L176),K177-G177),-4),0) -> -27010000
B178: =IF(C178="","",B177+1) -> 6 | C178: =IFERROR(IF(Data_Templet!H52<>"",Data_Templet!H52,""),"") -> 한국투자글로벌AI&반도체TOP10증권자투자신탁UH(주식)C-Re | F178: =IFERROR(IF(Data_Templet!J52<>"",Data_Templet!J52,""),"") -> 2986.92 | G178: =IFERROR(IF(Data_Templet!K52<>"",Data_Templet!K52,""),"") -> 23694654 | H178: =IFERROR(IF(Data_Templet!R52<>"",Data_Templet!R52,""),"") -> 0.04015 | I178: =IFERROR(IF(Data_Templet!S52<>0,Data_Templet!S52,""),"") -> 0.19322342 | K178: =IFERROR(IF(J178>0,J178*$G$198,0),"") -> 0 | L178: =IFERROR(ROUND(IF(C178="자동운용상품(고유계정대)",$L$171-SUM(L179:L197)-SUM(L173:L177),K178-G178),-4),0) -> -23690000
B179: =IF(C179="","",B178+1) -> 7 | C179: =IFERROR(IF(Data_Templet!H53<>"",Data_Templet!H53,""),"") -> WON 미국우주항공방산 | F179: =IFERROR(IF(Data_Templet!J53<>"",Data_Templet!J53,""),"") -> 27185 | G179: =IFERROR(IF(Data_Templet!K53<>"",Data_Templet!K53,""),"") -> 6198180 | H179: =IFERROR(IF(Data_Templet!R53<>"",Data_Templet!R53,""),"") -> 0.00872 | I179: =IFERROR(IF(Data_Templet!S53<>0,Data_Templet!S53,""),"") -> 0.050544462 | K179: =IFERROR(IF(J179>0,J179*$G$198,0),"") -> 0 | L179: =IFERROR(ROUND(IF(C179="자동운용상품(고유계정대)",$L$171-SUM(L180:L197)-SUM(L173:L178),K179-G179),-4),0) -> -6200000
B180: =IF(C180="","",B179+1) -> 8 | C180: =IFERROR(IF(Data_Templet!H54<>"",Data_Templet!H54,""),"") -> KODEX 로봇액티브 | F180: =IFERROR(IF(Data_Templet!J54<>"",Data_Templet!J54,""),"") -> 34405 | G180: =IFERROR(IF(Data_Templet!K54<>"",Data_Templet!K54,""),"") -> 6915405 | H180: =IFERROR(IF(Data_Templet!R54<>"",Data_Templet!R54,""),"") -> -0.06087 | I180: =IFERROR(IF(Data_Templet!S54<>0,Data_Templet!S54,""),"") -> 0.056393236 | K180: =IFERROR(IF(J180>0,J180*$G$198,0),"") -> 0 | L180: =IFERROR(ROUND(IF(C180="자동운용상품(고유계정대)",$L$171-SUM(L181:L197)-SUM(L173:L179),K180-G180),-4),0) -> -6920000
B181: =IF(C181="","",B180+1) -> 9 | C181: =IFERROR(IF(Data_Templet!H55<>"",Data_Templet!H55,""),"") -> ACE 미국30년국채액티브(H) | F181: =IFERROR(IF(Data_Templet!J55<>"",Data_Templet!J55,""),"") -> 7635 | G181: =IFERROR(IF(Data_Templet!K55<>"",Data_Templet!K55,""),"") -> 10765350 | H181: =IFERROR(IF(Data_Templet!R55<>"",Data_Templet!R55,""),"") -> -0.07286 | I181: =IFERROR(IF(Data_Templet!S55<>0,Data_Templet!S55,""),"") -> 0.087788484 | K181: =IFERROR(IF(J181>0,J181*$G$198,0),"") -> 0 | L181: {=IFERROR(ROUND(IF(C181="자동운용상품(고유계정대)",$L$171-SUM(L182:L197)+-UM(L173:L180),K181-G181),-4),0)} -> -10770000
B182: =IF(C182="","",B181+1) -> 10 | C182: =IFERROR(IF(Data_Templet!H56<>"",Data_Templet!H56,""),"") -> 자동운용상품(고유계정대) | F182: =IFERROR(IF(Data_Templet!J56<>"",Data_Templet!J56,""),"") -> 0 | G182: =IFERROR(IF(Data_Templet!K56<>"",Data_Templet!K56,""),"") -> 513297 | H182: =IFERROR(IF(Data_Templet!R56<>"",Data_Templet!R56,""),"") -> 0 | I182: =IFERROR(IF(Data_Templet!S56<>0,Data_Templet!S56,""),"") -> 0.0041857966 | K182: =IFERROR(IF(J182>0,J182*$G$198,0),"") -> 0 | L182: =IFERROR(ROUND(IF(C182="자동운용상품(고유계정대)",$L$171-SUM(L183:L197)-SUM(L173:L181),K182-G182),-4),0) -> 122120000
B183: =IF(C183="","",B182+1) | C183: =IFERROR(IF(Data_Templet!H57<>"",Data_Templet!H57,""),"") | F183: =IFERROR(IF(Data_Templet!J57<>"",Data_Templet!J57,""),"") | G183: =IFERROR(IF(Data_Templet!K57<>"",Data_Templet!K57,""),"") | H183: =IFERROR(IF(Data_Templet!R57<>"",Data_Templet!R57,""),"") | I183: =IFERROR(IF(Data_Templet!S57<>0,Data_Templet!S57,""),"") | K183: =IFERROR(IF(J183>0,J183*$G$198,0),"") -> 0 | L183: =IFERROR(ROUND(IF(C183="자동운용상품(고유계정대)",$L$171-SUM(L184:L197)*SUM(L173:L182),K183-G183),-4),0) -> 0
B184: =IF(C184="","",B183+1) | C184: =IFERROR(IF(Data_Templet!H58<>"",Data_Templet!H58,""),"") | F184: =IFERROR(IF(Data_Templet!J58<>"",Data_Templet!J58,""),"") | G184: =IFERROR(IF(Data_Templet!K58<>"",Data_Templet!K58,""),"") | H184: =IFERROR(IF(Data_Templet!R58<>"",Data_Templet!R58,""),"") | I184: =IFERROR(IF(Data_Templet!S58<>0,Data_Templet!S58,""),"") | K184: =IFERROR(IF(J184>0,J184*$G$198,0),"") -> 0 | L184: =IFERROR(ROUND(IF(C184="자동운용상품(고유계정대)",$L$171-SUM(L185:L197)-SUM(L173:L183),K184-G184),-4),0) -> 0
B185: =IF(C185="","",B184+1) | C185: =IFERROR(IF(Data_Templet!H59<>"",Data_Templet!H59,""),"") | F185: =IFERROR(IF(Data_Templet!J59<>"",Data_Templet!J59,""),"") | G185: =IFERROR(IF(Data_Templet!K59<>"",Data_Templet!K59,""),"") | H185: =IFERROR(IF(Data_Templet!R59<>"",Data_Templet!R59,""),"") | I185: =IFERROR(IF(Data_Templet!S59<>0,Data_Templet!S59,""),"") | K185: =IFERROR(IF(J185>0,J185*$G$198,0),"") -> 0 | L185: =IFERROR(ROUND(IF(C185="자동운용상품(고유계정대)",$L$171-SUM(L186:L197)-SUM(L173:L184),K185-G185),-4),0) -> 0
B186: =IF(C186="","",B185+1) | C186: =IFERROR(IF(Data_Templet!H60<>"",Data_Templet!H60,""),"") | F186: =IFERROR(IF(Data_Templet!J60<>"",Data_Templet!J60,""),"") | G186: =IFERROR(IF(Data_Templet!K60<>"",Data_Templet!K60,""),"") | H186: =IFERROR(IF(Data_Templet!R60<>"",Data_Templet!R60,""),"") | I186: =IFERROR(IF(Data_Templet!S60<>0,Data_Templet!S60,""),"") | K186: =IFERROR(IF(J186>0,J186*$G$198,0),"") -> 0 | L186: =IFERROR(ROUND(IF(C186="자동운용상품(고유계정대)",$L$171-SUM(L187:L197)-SUM(L173:L185),K186-G186),-4),0) -> 0
B187: =IF(C187="","",B186+1) | C187: =IFERROR(IF(Data_Templet!H61<>"",Data_Templet!H61,""),"") | F187: =IFERROR(IF(Data_Templet!J61<>"",Data_Templet!J61,""),"") | G187: =IFERROR(IF(Data_Templet!K61<>"",Data_Templet!K61,""),"") | H187: =IFERROR(IF(Data_Templet!R61<>"",Data_Templet!R61,""),"") | I187: =IFERROR(IF(Data_Templet!S61<>0,Data_Templet!S61,""),"") | K187: =IFERROR(IF(J187>0,J187*$G$198,0),"") -> 0 | L187: =IFERROR(ROUND(IF(C187="자동운용상품(고유계정대)",$L$171-SUM(L188:L197)-SUM(L173:L186),K187-G187),-4),0) -> 0
B188: =IF(C188="","",B187+1) | C188: =IFERROR(IF(Data_Templet!H62<>"",Data_Templet!H62,""),"") | F188: =IFERROR(IF(Data_Templet!J62<>"",Data_Templet!J62,""),"") | G188: =IFERROR(IF(Data_Templet!K62<>"",Data_Templet!K62,""),"") | H188: =IFERROR(IF(Data_Templet!R62<>"",Data_Templet!R62,""),"") | I188: =IFERROR(IF(Data_Templet!S62<>0,Data_Templet!S62,""),"") | K188: =IFERROR(IF(J188>0,J188*$G$198,0),"") -> 0 | L188: =IFERROR(ROUND(IF(C188="자동운용상품(고유계정대)",$L$171-SUM(L189:L197)-SUM(L173:L187),K188-G188),-4),0) -> 0
B189: =IF(C189="","",B188+1) | C189: =IFERROR(IF(Data_Templet!H63<>"",Data_Templet!H63,""),"") | F189: =IFERROR(IF(Data_Templet!J63<>"",Data_Templet!J63,""),"") | G189: =IFERROR(IF(Data_Templet!K63<>"",Data_Templet!K63,""),"") | H189: =IFERROR(IF(Data_Templet!R63<>"",Data_Templet!R63,""),"") | I189: =IFERROR(IF(Data_Templet!S63<>0,Data_Templet!S63,""),"") | K189: =IFERROR(IF(J189>0,J189*$G$198,0),"") -> 0 | L189: =IFERROR(ROUND(IF(C189="자동운용상품(고유계정대)",$L$171-SUM(L190:L197)-SUM(L173:L188),K189-G189),-4),0) -> 0
B190: =IF(C190="","",B189+1) | C190: =IFERROR(IF(Data_Templet!H64<>"",Data_Templet!H64,""),"") | F190: =IFERROR(IF(Data_Templet!J64<>"",Data_Templet!J64,""),"") | G190: =IFERROR(IF(Data_Templet!K64<>"",Data_Templet!K64,""),"") | H190: =IFERROR(IF(Data_Templet!R64<>"",Data_Templet!R64,""),"") | I190: =IFERROR(IF(Data_Templet!S64<>0,Data_Templet!S64,""),"") | K190: =IFERROR(IF(J190>0,J190*$G$198,0),"") -> 0 | L190: =IFERROR(ROUND(IF(C190="자동운용상품(고유계정대)",$L$171-SUM(L191:L197)-SUM(L173:L189),K190-G190),-4),0) -> 0
B191: =IF(C191="","",B190+1) | C191: =IFERROR(IF(Data_Templet!H65<>"",Data_Templet!H65,""),"") | F191: =IFERROR(IF(Data_Templet!J65<>"",Data_Templet!J65,""),"") | G191: =IFERROR(IF(Data_Templet!K65<>"",Data_Templet!K65,""),"") | H191: =IFERROR(IF(Data_Templet!R65<>"",Data_Templet!R65,""),"") | I191: =IFERROR(IF(Data_Templet!S65<>0,Data_Templet!S65,""),"") | K191: =IFERROR(IF(J191>0,J191*$G$198,0),"") -> 0 | L191: =IFERROR(ROUND(IF(C191="자동운용상품(고유계정대)",$L$171-SUM(L192:L197)-SUM(L173:L190),K191-G191),-4),0) -> 0
B192: =IF(C192="","",B191+1) | C192: =IFERROR(IF(Data_Templet!H66<>"",Data_Templet!H66,""),"") | F192: =IFERROR(IF(Data_Templet!J66<>"",Data_Templet!J66,""),"") | G192: =IFERROR(IF(Data_Templet!K66<>"",Data_Templet!K66,""),"") | H192: =IFERROR(IF(Data_Templet!R66<>"",Data_Templet!R66,""),"") | I192: =IFERROR(IF(Data_Templet!S66<>0,Data_Templet!S66,""),"") | K192: =IFERROR(IF(J192>0,J192*$G$198,0),"") -> 0 | L192: =IFERROR(ROUND(IF(C192="자동운용상품(고유계정대)",$L$171-SUM(L193:L197)-SUM(L173:L191),K192-G192),-4),0) -> 0
B193: =IF(C193="","",B192+1) | C193: =IFERROR(IF(Data_Templet!H67<>"",Data_Templet!H67,""),"") | F193: =IFERROR(IF(Data_Templet!J67<>"",Data_Templet!J67,""),"") | G193: =IFERROR(IF(Data_Templet!K67<>"",Data_Templet!K67,""),"") | H193: =IFERROR(IF(Data_Templet!R67<>"",Data_Templet!R67,""),"") | I193: =IFERROR(IF(Data_Templet!S67<>0,Data_Templet!S67,""),"") | K193: =IFERROR(IF(J193>0,J193*$G$198,0),"") -> 0 | L193: =IFERROR(ROUND(IF(C193="자동운용상품(고유계정대)",$L$171-SUM(L194:L197)-SUM(L173:L192),K193-G193),-4),0) -> 0
B194: =IF(C194="","",B193+1) | C194: =IFERROR(IF(Data_Templet!H68<>"",Data_Templet!H68,""),"") | F194: =IFERROR(IF(Data_Templet!J68<>"",Data_Templet!J68,""),"") | G194: =IFERROR(IF(Data_Templet!K68<>"",Data_Templet!K68,""),"") | H194: =IFERROR(IF(Data_Templet!R68<>"",Data_Templet!R68,""),"") | I194: =IFERROR(IF(Data_Templet!S68<>0,Data_Templet!S68,""),"") | K194: =IFERROR(IF(J194>0,J194*$G$198,0),"") -> 0 | L194: =IFERROR(ROUND(IF(C194="자동운용상품(고유계정대)",$L$171-SUM(L195:L197)-SUM(L173:L193),K194-G194),-4),0) -> 0
B195: =IF(C195="","",B194+1) | C195: =IFERROR(IF(Data_Templet!H69<>"",Data_Templet!H69,""),"") | F195: =IFERROR(IF(Data_Templet!J69<>"",Data_Templet!J69,""),"") | G195: =IFERROR(IF(Data_Templet!K69<>"",Data_Templet!K69,""),"") | H195: =IFERROR(IF(Data_Templet!R69<>"",Data_Templet!R69,""),"") | I195: =IFERROR(IF(Data_Templet!S69<>0,Data_Templet!S69,""),"") | K195: =IFERROR(IF(J195>0,J195*$G$198,0),"") -> 0 | L195: =IFERROR(ROUND(IF(C195="자동운용상품(고유계정대)",$L$171-SUM(L196:L197)-SUM(L173:L194),K195-G195),-4),0) -> 0
B196: =IF(C196="","",B195+1) | C196: =IFERROR(IF(Data_Templet!H70<>"",Data_Templet!H70,""),"") | F196: =IFERROR(IF(Data_Templet!J70<>"",Data_Templet!J70,""),"") | G196: =IFERROR(IF(Data_Templet!K70<>"",Data_Templet!K70,""),"") | H196: =IFERROR(IF(Data_Templet!R70<>"",Data_Templet!R70,""),"") | I196: =IFERROR(IF(Data_Templet!S70<>0,Data_Templet!S70,""),"") | K196: =IFERROR(IF(J196>0,J196*$G$198,0),"") -> 0 | L196: =IFERROR(ROUND(IF(C196="자동운용상품(고유계정대)",$L$171-L197-SUM(L173:L195),K196-G196),-4),0) -> 0
B197: =IF(C197="","",B196+1) | C197: =IFERROR(IF(Data_Templet!H71<>"",Data_Templet!H71,""),"") | F197: =IFERROR(IF(Data_Templet!J71<>"",Data_Templet!J71,""),"") | G197: =IFERROR(IF(Data_Templet!K71<>"",Data_Templet!K71,""),"") | H197: =IFERROR(IF(Data_Templet!R71<>"",Data_Templet!R71,""),"") | I197: =IFERROR(IF(Data_Templet!S71<>0,Data_Templet!S71,""),"") | K197: =IFERROR(IF(J197>0,J197*$G$198,0),"") -> 0 | L197: =IFERROR(ROUND(IF(C197="자동운용상품(고유계정대)",$L$171-SUM(L173:L196),K197-G197),-4),0) -> 0
B198: Total | G198: =SUM(G173:G197) -> 122628271 | I198: =SUM(I173:I197) -> 1 | J198: =SUM(J173:J197) -> 0 | K198: =SUM(K173:K197) -> 0 | L198: =SUM(L173:L197) -> 0
B200: ="■ "&Data_Templet!B5 -> ■ 연금저축_거치
B202: ● 포트폴리오 분석 | K202: 정기납입일 | L202: =IF(Data_Input!E4<>"",Data_Input!E4,"")
B204: NO. | C204: 상품명 | G204: 위험도 | H204: 매입금액 | I204: 평가금액 | K204: 평가손익 | L204: 수익률
...

Sheet DB_연금저축_거치_History
A3: DB_연금저축_HISTORY | E3: 상품종류 : | F3: 연금저축_거치
A5: NO. | B5: 조회일 | C5: 계좌번호 | D5: 납입원금 | E5: 월 납입액 | F5: 예수금 | G5: 총자산 | H5: 매입금액 | I5: 평가금액 | J5: 평가손익 | K5: 총수익률 | L5: 상품유형 | M5: 상품명 | N5: 종목코드 | O5: 잔고수량 | P5: 매입가 | Q5: 현재가 | R5: 평가금액 | S5: 평가손익 | T5: 수익률 | U5: 만기일 | V5: 상품유형 | W5: 상품명 | X5: 종목코드 | Y5: 잔고수량 | Z5: 매입가 | AA5: 현재가 | AB5: 평가금액 | AC5: 평가손익 | AD5: 수익률 | AE5: 만기일 | AF5: 상품유형 | AG5: 상품명 | AH5: 종목코드 | AI5: 잔고수량 | AJ5: 매입가 | AK5: 현재가 | AL5: 평가금액 | AM5: 평가손익 | AN5: 수익률 | AO5: 만기일 | AP5: 상품유형 | AQ5: 상품명 | AR5: 종목코드 | AS5: 잔고수량 | AT5: 매입가 | AU5: 현재가 | AV5: 평가금액 | AW5: 평가손익 | AX5: 수익률 | AY5: 만기일 | AZ5: 상품유형 | BA5: 상품명 | BB5: 종목코드 | BC5: 잔고수량 | BD5: 매입가 | BE5: 현재가 | BF5: 평가금액 | BG5: 평가손익 | BH5: 수익률 | BI5: 만기일 | BJ5: 상품유형 | BK5: 상품명 | BL5: 종목코드 | BM5: 잔고수량 | BN5: 매입가 | BO5: 현재가 | BP5: 평가금액 | BQ5: 평가손익 | BR5: 수익률 | BS5: 만기일 | BT5: 상품유형 | BU5: 상품명 | BV5: 종목코드 | BW5: 잔고수량 | BX5: 매입가 | BY5: 현재가 | BZ5: 평가금액 | CA5: 평가손익 | CB5: 수익률 | CC5: 만기일 | CD5: 상품유형 | CE5: 상품명 | CF5: 종목코드 | CG5: 잔고수량 | CH5: 매입가 | CI5: 현재가 | CJ5: 평가금액 | CK5: 평가손익 | CL5: 수익률 | CM5: 만기일 | CN5: 상품유형 | CO5: 상품명 | CP5: 종목코드 | CQ5: 잔고수량 | CR5: 매입가 | CS5: 현재가 | CT5: 평가금액 | CU5: 평가손익 | CV5: 수익률 | CW5: 만기일 | CX5: 상품유형 | CY5: 상품명 | CZ5: 종목코드 | DA5: 잔고수량 | DB5: 매입가 | DC5: 현재가 | DD5: 평가금액 | DE5: 평가손익 | DF5: 수익률 | DG5: 만기일
A6: 1 | B6: {=IFERROR(_xlfn._xlws.SORT(_xlfn.TOCOL(_xlfn.UNIQUE(_xlfn._xlws.FILTER(Data_Input!$B$8:$ZZ$8,Data_Input!$B$7:$ZZ$7=$F$3))),1,1),0)} -> 0 | C6: =IF(B6>0,IF($F$3=Data_Input!$I$2,Data_Input!$C$2, IF($F$3=Data_Input!$I$3,Data_Input!$C$3,IF($F$3=Data_Input!$I$4,Data_Input!$C$4,""))),0) -> 0 | D6: {=IFERROR(INDEX(Data_Input!$1:$100, 10, MATCH(1, (Data_Input!$F$7:$ZZ$7=$F$3) * (Data_Input!$F$8:$ZZ$8=$B6), 0)),0)} -> 0 | E6: {=IFERROR(INDEX(Data_Input!$1:$100, 9, MATCH(1, (Data_Input!$7:$7=$F$3) * (Data_Input!$8:$8=$B6), 0)),0)} -> 0 | F6: {=IFERROR(INDEX(Data_Input!$A$1:$ZZ$502, MATCH("예수금", INDEX(Data_Input!$A$1:$ZZ$502, 0, MATCH(1, (Data_Input!$7:$7=$F$3)*(Data_Input!$8:$8=$B6), 0)), 0) + 1, MATCH(1, (Data_Input!$7:$7=$F$3)*(Data_Input!$8:$8=$B6), 0)),0)} -> 0 | G6: {=IFERROR(INDEX(Data_Input!$A$1:$ZZ$502, MATCH("총자산", INDEX(Data_Input!$A$1:$ZZ$502, 0, MATCH(1, (Data_Input!$7:$7=$F$3)*(Data_Input!$8:$8=$B6), 0)), 0) + 1, MATCH(1, (Data_Input!$7:$7=$F$3)*(Data_Input!$8:$8=$B6), 0)),0)} -> 0 | H6: {=IFERROR(INDEX(Data_Input!$A$1:$ZZ$502, MATCH("매입금액", INDEX(Data_Input!$A$1:$ZZ$502, 0, MATCH(1, (Data_Input!$7:$7=$F$3)*(Data_Input!$8:$8=$B6), 0)), 0) + 1, MATCH(1, (Data_Input!$7:$7=$F$3)*(Data_Input!$8:$8=$B6), 0)),0)} -> 0 | I6: {=IFERROR(INDEX(Data_Input!$A$1:$ZZ$502, MATCH("평가금액", INDEX(Data_Input!$A$1:$ZZ$502, 0, MATCH(1, (Data_Input!$7:$7=$F$3)*(Data_Input!$8:$8=$B6), 0)), 0) + 1, MATCH(1, (Data_Input!$7:$7=$F$3)*(Data_Input!$8:$8=$B6), 0)),0)} -> 0 | J6: {=IFERROR(INDEX(Data_Input!$A$1:$ZZ$502, MATCH("평가손익", INDEX(Data_Input!$A$1:$ZZ$502, 0, MATCH(1, (Data_Input!$7:$7=$F$3)*(Data_Input!$8:$8=$B6), 0)), 0) + 1, MATCH(1, (Data_Input!$7:$7=$F$3)*(Data_Input!$8:$8=$B6), 0)),0)} -> 0 | K6: {=IFERROR(INDEX(Data_Input!$A$1:$ZZ$502, MATCH("총수익률", INDEX(Data_Input!$A$1:$ZZ$502, 0, MATCH(1, (Data_Input!$7:$7=$F$3)*(Data_Input!$8:$8=$B6), 0)), 0) + 1, MATCH(1, (Data_Input!$7:$7=$F$3)*(Data_Input!$8:$8=$B6), 0)),0)} -> 0 | L6: {=IFERROR(_xlfn.LET( _xlpm.targetDate, B6, _xlpm.colIdx, MATCH(1, (Data_Input!$7:$7=$F$3) * (Data_Input!$8:$8=_xlpm.targetDate), 0), _xlpm.allData, INDEX(Data_Input!$1:$1002, 34, _xlpm.colIdx):INDEX(Data_Input!$1:$1002, 1000, _xlpm.colIdx), _xlpm.markedData, _xlfn.MAP(_xlfn.SEQUENCE(ROWS(_xlpm.allData)), _xlfn.LAMBDA(_xlpm.r, _xlfn.LET( _xlpm.checkRange, INDEX(_xlpm.allData, MAX(1, _xlpm.r-3)):INDEX(_xlpm.allData, _xlpm.r), _xlpm.isSubtotalInBlock, OR(_xlfn.MAP(_xlpm.checkRange, _xlfn.LAMBDA(_xlpm.v, ISNUMBER(SEARCH("소계", _xlpm.v))))), IF(_xlpm.isSubtotalInBlock, "SKIP", INDEX(_xlpm.allData, _xlpm.r)) ) )), _xlpm.validData, _xlfn._xlws.FILTER(_xlpm.markedData, (_xlpm.markedData <> "SKIP") * (_xlpm.markedData <> "")), _xlfn.TOROW(_xlpm.validData) ),"")}
A7: =IF(B7>0,A6+1,"") | C7: =IF(B7>0,C6,"") | D7: {=IFERROR(INDEX(Data_Input!$1:$100, 10, MATCH(1, (Data_Input!$F$7:$ZZ$7=$F$3) * (Data_Input!$F$8:$ZZ$8=$B7), 0)),"")} | E7: {=IFERROR(INDEX(Data_Input!$1:$100, 9, MATCH(1, (Data_Input!$7:$7=$F$3) * (Data_Input!$8:$8=$B7), 0)),"")} | F7: {=IFERROR(INDEX(Data_Input!$A$1:$ZZ$502, MATCH("예수금", INDEX(Data_Input!$A$1:$ZZ$502, 0, MATCH(1, (Data_Input!$7:$7=$F$3)*(Data_Input!$8:$8=$B7), 0)), 0) + 1, MATCH(1, (Data_Input!$7:$7=$F$3)*(Data_Input!$8:$8=$B7), 0)),"")} | G7: {=IFERROR(INDEX(Data_Input!$A$1:$ZZ$502, MATCH("총자산", INDEX(Data_Input!$A$1:$ZZ$502, 0, MATCH(1, (Data_Input!$7:$7=$F$3)*(Data_Input!$8:$8=$B7), 0)), 0) + 1, MATCH(1, (Data_Input!$7:$7=$F$3)*(Data_Input!$8:$8=$B7), 0)),"")} | H7: {=IFERROR(INDEX(Data_Input!$A$1:$ZZ$502, MATCH("매입금액", INDEX(Data_Input!$A$1:$ZZ$502, 0, MATCH(1, (Data_Input!$7:$7=$F$3)*(Data_Input!$8:$8=$B7), 0)), 0) + 1, MATCH(1, (Data_Input!$7:$7=$F$3)*(Data_Input!$8:$8=$B7), 0)),"")} | I7: {=IFERROR(INDEX(Data_Input!$A$1:$ZZ$502, MATCH("평가금액", INDEX(Data_Input!$A$1:$ZZ$502, 0, MATCH(1, (Data_Input!$7:$7=$F$3)*(Data_Input!$8:$8=$B7), 0)), 0) + 1, MATCH(1, (Data_Input!$7:$7=$F$3)*(Data_Input!$8:$8=$B7), 0)),"")} | J7: {=IFERROR(INDEX(Data_Input!$A$1:$ZZ$502, MATCH("평가손익", INDEX(Data_Input!$A$1:$ZZ$502, 0, MATCH(1, (Data_Input!$7:$7=$F$3)*(Data_Input!$8:$8=$B7), 0)), 0) + 1, MATCH(1, (Data_Input!$7:$7=$F$3)*(Data_Input!$8:$8=$B7), 0)),"")} | K7: {=IFERROR(INDEX(Data_Input!$A$1:$ZZ$502, MATCH("총수익률", INDEX(Data_Input!$A$1:$ZZ$502, 0, MATCH(1, (Data_Input!$7:$7=$F$3)*(Data_Input!$8:$8=$B7), 0)), 0) + 1, MATCH(1, (Data_Input!$7:$7=$F$3)*(Data_Input!$8:$8=$B7), 0)),"")} | L7: {=IFERROR(_xlfn.LET( _xlpm.targetDate, B7, _xlpm.colIdx, MATCH(1, (Data_Input!$7:$7=$F$3) * (Data_Input!$8:$8=_xlpm.targetDate), 0), _xlpm.allData, INDEX(Data_Input!$1:$1002, 34, _xlpm.colIdx):INDEX(Data_Input!$1:$1002, 1000, _xlpm.colIdx), _xlpm.markedData, _xlfn.MAP(_xlfn.SEQUENCE(ROWS(_xlpm.allData)), _xlfn.LAMBDA(_xlpm.r, _xlfn.LET( _xlpm.checkRange, INDEX(_xlpm.allData, MAX(1, _xlpm.r-3)):INDEX(_xlpm.allData, _xlpm.r), _xlpm.isSubtotalInBlock, OR(_xlfn.MAP(_xlpm.checkRange, _xlfn.LAMBDA(_xlpm.v, ISNUMBER(SEARCH("소계", _xlpm.v))))), IF(_xlpm.isSubtotalInBlock, "SKIP", INDEX(_xlpm.allData, _xlpm.r)) ) )), _xlpm.validData, _xlfn._xlws.FILTER(_xlpm.markedData, (_xlpm.markedData <> "SKIP") * (_xlpm.markedData <> "")), _xlpm.finalArray, _xlfn.REDUCE("Start", _xlfn.SEQUENCE(ROWS(_xlpm.validData)), _xlfn.LAMBDA(_xlpm.acc,_xlpm.i, _xlfn.LET( _xlpm.curr, INDEX(_xlpm.validData, _xlpm.i), _xlpm.prev, IF(_xlpm.i=1, "Start", INDEX(_xlpm.validData, _xlpm.i-1)), _xlpm.isYield, OR(AND(ISNUMBER(_xlpm.prev), _xlpm.prev <= 1.1), ISNUMBER(SEARCH("%", _xlpm.prev & ""))), _xlpm.isNextType, ISTEXT(_xlpm.curr), IF(AND(_xlpm.isYield, _xlpm.isNextType), _xlfn.VSTACK(_xlpm.acc, " ", _xlpm.curr), _xlfn.VSTACK(_xlpm.acc, _xlpm.curr) ) ) )), _xlpm.result, _xlfn._xlws.FILTER(_xlpm.finalArray, _xlpm.finalArray <> "Start"), _xlfn.TOROW(_xlpm.result) ),"")}
A8: =IF(B8>0,A7+1,"") | C8: =IF(B8>0,C7,"") | D8: {=IFERROR(INDEX(Data_Input!$1:$100, 10, MATCH(1, (Data_Input!$F$7:$ZZ$7=$F$3) * (Data_Input!$F$8:$ZZ$8=$B8), 0)),"")} | E8: {=IFERROR(INDEX(Data_Input!$1:$100, 9, MATCH(1, (Data_Input!$7:$7=$F$3) * (Data_Input!$8:$8=$B8), 0)),"")} | F8: {=IFERROR(INDEX(Data_Input!$A$1:$ZZ$502, MATCH("예수금", INDEX(Data_Input!$A$1:$ZZ$502, 0, MATCH(1, (Data_Input!$7:$7=$F$3)*(Data_Input!$8:$8=$B8), 0)), 0) + 1, MATCH(1, (Data_Input!$7:$7=$F$3)*(Data_Input!$8:$8=$B8), 0)),"")} | G8: {=IFERROR(INDEX(Data_Input!$A$1:$ZZ$502, MATCH("총자산", INDEX(Data_Input!$A$1:$ZZ$502, 0, MATCH(1, (Data_Input!$7:$7=$F$3)*(Data_Input!$8:$8=$B8), 0)), 0) + 1, MATCH(1, (Data_Input!$7:$7=$F$3)*(Data_Input!$8:$8=$B8), 0)),"")} | H8: {=IFERROR(INDEX(Data_Input!$A$1:$ZZ$502, MATCH("매입금액", INDEX(Data_Input!$A$1:$ZZ$502, 0, MATCH(1, (Data_Input!$7:$7=$F$3)*(Data_Input!$8:$8=$B8), 0)), 0) + 1, MATCH(1, (Data_Input!$7:$7=$F$3)*(Data_Input!$8:$8=$B8), 0)),"")} | I8: {=IFERROR(INDEX(Data_Input!$A$1:$ZZ$502, MATCH("평가금액", INDEX(Data_Input!$A$1:$ZZ$502, 0, MATCH(1, (Data_Input!$7:$7=$F$3)*(Data_Input!$8:$8=$B8), 0)), 0) + 1, MATCH(1, (Data_Input!$7:$7=$F$3)*(Data_Input!$8:$8=$B8), 0)),"")} | J8: {=IFERROR(INDEX(Data_Input!$A$1:$ZZ$502, MATCH("평가손익", INDEX(Data_Input!$A$1:$ZZ$502, 0, MATCH(1, (Data_Input!$7:$7=$F$3)*(Data_Input!$8:$8=$B8), 0)), 0) + 1, MATCH(1, (Data_Input!$7:$7=$F$3)*(Data_Input!$8:$8=$B8), 0)),"")} | K8: {=IFERROR(INDEX(Data_Input!$A$1:$ZZ$502, MATCH("총수익률", INDEX(Data_Input!$A$1:$ZZ$502, 0, MATCH(1, (Data_Input!$7:$7=$F$3)*(Data_Input!$8:$8=$B8), 0)), 0) + 1, MATCH(1, (Data_Input!$7:$7=$F$3)*(Data_Input!$8:$8=$B8), 0)),"")} | L8: {=IFERROR(_xlfn.LET( _xlpm.targetDate, B8, _xlpm.colIdx, MATCH(1, (Data_Input!$7:$7=$F$3) * (Data_Input!$8:$8=_xlpm.targetDate), 0), _xlpm.allData, INDEX(Data_Input!$1:$1002, 34, _xlpm.colIdx):INDEX(Data_Input!$1:$1002, 1000, _xlpm.colIdx), _xlpm.markedData, _xlfn.MAP(_xlfn.SEQUENCE(ROWS(_xlpm.allData)), _xlfn.LAMBDA(_xlpm.r, _xlfn.LET( _xlpm.checkRange, INDEX(_xlpm.allData, MAX(1, _xlpm.r-3)):INDEX(_xlpm.allData, _xlpm.r), _xlpm.isSubtotalInBlock, OR(_xlfn.MAP(_xlpm.checkRange, _xlfn.LAMBDA(_xlpm.v, ISNUMBER(SEARCH("소계", _xlpm.v))))), IF(_xlpm.isSubtotalInBlock, "SKIP", INDEX(_xlpm.allData, _xlpm.r)) ) )), _xlpm.validData, _xlfn._xlws.FILTER(_xlpm.markedData, (_xlpm.markedData <> "SKIP") * (_xlpm.markedData <> "")), _xlpm.finalArray, _xlfn.REDUCE("Start", _xlfn.SEQUENCE(ROWS(_xlpm.validData)), _xlfn.LAMBDA(_xlpm.acc,_xlpm.i, _xlfn.LET( _xlpm.curr, INDEX(_xlpm.validData, _xlpm.i), _xlpm.prev, IF(_xlpm.i=1, "Start", INDEX(_xlpm.validData, _xlpm.i-1)), _xlpm.isYield, OR(AND(ISNUMBER(_xlpm.prev), _xlpm.prev <= 1.1), ISNUMBER(SEARCH("%", _xlpm.prev & ""))), _xlpm.isNextType, ISTEXT(_xlpm.curr), IF(AND(_xlpm.isYield, _xlpm.isNextType), _xlfn.VSTACK(_xlpm.acc, " ", _xlpm.curr), _xlfn.VSTACK(_xlpm.acc, _xlpm.curr) ) ) )), _xlpm.result, _xlfn._xlws.FILTER(_xlpm.finalArray, _xlpm.finalArray <> "Start"), _xlfn.TOROW(_xlpm.result) ),"")}
A9: =IF(B9>0,A8+1,"") | C9: =IF(B9>0,C8,"") | D9: {=IFERROR(INDEX(Data_Input!$1:$100, 10, MATCH(1, (Data_Input!$F$7:$ZZ$7=$F$3) * (Data_Input!$F$8:$ZZ$8=$B9), 0)),"")} | E9: {=IFERROR(INDEX(Data_Input!$1:$100, 9, MATCH(1, (Data_Input!$7:$7=$F$3) * (Data_Input!$8:$8=$B9), 0)),"")} | F9: {=IFERROR(INDEX(Data_Input!$A$1:$ZZ$502, MATCH("예수금", INDEX(Data_Input!$A$1:$ZZ$502, 0, MATCH(1, (Data_Input!$7:$7=$F$3)*(Data_Input!$8:$8=$B9), 0)), 0) + 1, MATCH(1, (Data_Input!$7:$7=$F$3)*(Data_Input!$8:$8=$B9), 0)),"")} | G9: {=IFERROR(INDEX(Data_Input!$A$1:$ZZ$502, MATCH("총자산", INDEX(Data_Input!$A$1:$ZZ$502, 0, MATCH(1, (Data_Input!$7:$7=$F$3)*(Data_Input!$8:$8=$B9), 0)), 0) + 1, MATCH(1, (Data_Input!$7:$7=$F$3)*(Data_Input!$8:$8=$B9), 0)),"")} | H9: {=IFERROR(INDEX(Data_Input!$A$1:$ZZ$502, MATCH("매입금액", INDEX(Data_Input!$A$1:$ZZ$502, 0, MATCH(1, (Data_Input!$7:$7=$F$3)*(Data_Input!$8:$8=$B9), 0)), 0) + 1, MATCH(1, (Data_Input!$7:$7=$F$3)*(Data_Input!$8:$8=$B9), 0)),"")} | I9: {=IFERROR(INDEX(Data_Input!$A$1:$ZZ$502, MATCH("평가금액", INDEX(Data_Input!$A$1:$ZZ$502, 0, MATCH(1, (Data_Input!$7:$7=$F$3)*(Data_Input!$8:$8=$B9), 0)), 0) + 1, MATCH(1, (Data_Input!$7:$7=$F$3)*(Data_Input!$8:$8=$B9), 0)),"")} | J9: {=IFERROR(INDEX(Data_Input!$A$1:$ZZ$502, MATCH("평가손익", INDEX(Data_Input!$A$1:$ZZ$502, 0, MATCH(1, (Data_Input!$7:$7=$F$3)*(Data_Input!$8:$8=$B9), 0)), 0) + 1, MATCH(1, (Data_Input!$7:$7=$F$3)*(Data_Input!$8:$8=$B9), 0)),"")} | K9: {=IFERROR(INDEX(Data_Input!$A$1:$ZZ$502, MATCH("총수익률", INDEX(Data_Input!$A$1:$ZZ$502, 0, MATCH(1, (Data_Input!$7:$7=$F$3)*(Data_Input!$8:$8=$B9), 0)), 0) + 1, MATCH(1, (Data_Input!$7:$7=$F$3)*(Data_Input!$8:$8=$B9), 0)),"")} | L9: {=IFERROR(_xlfn.LET( _xlpm.targetDate, B9, _xlpm.colIdx, MATCH(1, (Data_Input!$7:$7=$F$3) * (Data_Input!$8:$8=_xlpm.targetDate), 0), _xlpm.allData, INDEX(Data_Input!$1:$1002, 34, _xlpm.colIdx):INDEX(Data_Input!$1:$1002, 1000, _xlpm.colIdx), _xlpm.markedData, _xlfn.MAP(_xlfn.SEQUENCE(ROWS(_xlpm.allData)), _xlfn.LAMBDA(_xlpm.r, _xlfn.LET( _xlpm.checkRange, INDEX(_xlpm.allData, MAX(1, _xlpm.r-3)):INDEX(_xlpm.allData, _xlpm.r), _xlpm.isSubtotalInBlock, OR(_xlfn.MAP(_xlpm.checkRange, _xlfn.LAMBDA(_xlpm.v, ISNUMBER(SEARCH("소계", _xlpm.v))))), IF(_xlpm.isSubtotalInBlock, "SKIP", INDEX(_xlpm.allData, _xlpm.r)) ) )), _xlpm.validData, _xlfn._xlws.FILTER(_xlpm.markedData, (_xlpm.markedData <> "SKIP") * (_xlpm.markedData <> "")), _xlpm.finalArray, _xlfn.REDUCE("Start", _xlfn.SEQUENCE(ROWS(_xlpm.validData)), _xlfn.LAMBDA(_xlpm.acc,_xlpm.i, _xlfn.LET( _xlpm.curr, INDEX(_xlpm.validData, _xlpm.i), _xlpm.prev, IF(_xlpm.i=1, "Start", INDEX(_xlpm.validData, _xlpm.i-1)), _xlpm.isYield, OR(AND(ISNUMBER(_xlpm.prev), _xlpm.prev <= 1.1), ISNUMBER(SEARCH("%", _xlpm.prev & ""))), _xlpm.isNextType, ISTEXT(_xlpm.curr), IF(AND(_xlpm.isYield, _xlpm.isNextType), _xlfn.VSTACK(_xlpm.acc, " ", _xlpm.curr), _xlfn.VSTACK(_xlpm.acc, _xlpm.curr) ) ) )), _xlpm.result, _xlfn._xlws.FILTER(_xlpm.finalArray, _xlpm.finalArray <> "Start"), _xlfn.TOROW(_xlpm.result) ),"")}
A10: =IF(B10>0,A9+1,"") | C10: =IF(B10>0,C9,"") | D10: {=IFERROR(INDEX(Data_Input!$1:$100, 10, MATCH(1, (Data_Input!$F$7:$ZZ$7=$F$3) * (Data_Input!$F$8:$ZZ$8=$B10), 0)),"")} | E10: {=IFERROR(INDEX(Data_Input!$1:$100, 9, MATCH(1, (Data_Input!$7:$7=$F$3) * (Data_Input!$8:$8=$B10), 0)),"")} | F10: {=IFERROR(INDEX(Data_Input!$A$1:$ZZ$502, MATCH("예수금", INDEX(Data_Input!$A$1:$ZZ$502, 0, MATCH(1, (Data_Input!$7:$7=$F$3)*(Data_Input!$8:$8=$B10), 0)), 0) + 1, MATCH(1, (Data_Input!$7:$7=$F$3)*(Data_Input!$8:$8=$B10), 0)),"")} | G10: {=IFERROR(INDEX(Data_Input!$A$1:$ZZ$502, MATCH("총자산", INDEX(Data_Input!$A$1:$ZZ$502, 0, MATCH(1, (Data_Input!$7:$7=$F$3)*(Data_Input!$8:$8=$B10), 0)), 0) + 1, MATCH(1, (Data_Input!$7:$7=$F$3)*(Data_Input!$8:$8=$B10), 0)),"")} | H10: {=IFERROR(INDEX(Data_Input!$A$1:$ZZ$502, MATCH("매입금액", INDEX(Data_Input!$A$1:$ZZ$502, 0, MATCH(1, (Data_Input!$7:$7=$F$3)*(Data_Input!$8:$8=$B10), 0)), 0) + 1, MATCH(1, (Data_Input!$7:$7=$F$3)*(Data_Input!$8:$8=$B10), 0)),"")} | I10: {=IFERROR(INDEX(Data_Input!$A$1:$ZZ$502, MATCH("평가금액", INDEX(Data_Input!$A$1:$ZZ$502, 0, MATCH(1, (Data_Input!$7:$7=$F$3)*(Data_Input!$8:$8=$B10), 0)), 0) + 1, MATCH(1, (Data_Input!$7:$7=$F$3)*(Data_Input!$8:$8=$B10), 0)),"")} | J10: {=IFERROR(INDEX(Data_Input!$A$1:$ZZ$502, MATCH("평가손익", INDEX(Data_Input!$A$1:$ZZ$502, 0, MATCH(1, (Data_Input!$7:$7=$F$3)*(Data_Input!$8:$8=$B10), 0)), 0) + 1, MATCH(1, (Data_Input!$7:$7=$F$3)*(Data_Input!$8:$8=$B10), 0)),"")} | K10: {=IFERROR(INDEX(Data_Input!$A$1:$ZZ$502, MATCH("총수익률", INDEX(Data_Input!$A$1:$ZZ$502, 0, MATCH(1, (Data_Input!$7:$7=$F$3)*(Data_Input!$8:$8=$B10), 0)), 0) + 1, MATCH(1, (Data_Input!$7:$7=$F$3)*(Data_Input!$8:$8=$B10), 0)),"")} | L10: {=IFERROR(_xlfn.LET( _xlpm.targetDate, B10, _xlpm.colIdx, MATCH(1, (Data_Input!$7:$7=$F$3) * (Data_Input!$8:$8=_xlpm.targetDate), 0), _xlpm.allData, INDEX(Data_Input!$1:$1002, 34, _xlpm.colIdx):INDEX(Data_Input!$1:$1002, 1000, _xlpm.colIdx), _xlpm.markedData, _xlfn.MAP(_xlfn.SEQUENCE(ROWS(_xlpm.allData)), _xlfn.LAMBDA(_xlpm.r, _xlfn.LET( _xlpm.checkRange, INDEX(_xlpm.allData, MAX(1, _xlpm.r-3)):INDEX(_xlpm.allData, _xlpm.r), _xlpm.isSubtotalInBlock, OR(_xlfn.MAP(_xlpm.checkRange, _xlfn.LAMBDA(_xlpm.v, ISNUMBER(SEARCH("소계", _xlpm.v))))), IF(_xlpm.isSubtotalInBlock, "SKIP", INDEX(_xlpm.allData, _xlpm.r)) ) )), _xlpm.validData, _xlfn._xlws.FILTER(_xlpm.markedData, (_xlpm.markedData <> "SKIP") * (_xlpm.markedData <> "")), _xlpm.finalArray, _xlfn.REDUCE("Start", _xlfn.SEQUENCE(ROWS(_xlpm.validData)), _xlfn.LAMBDA(_xlpm.acc,_xlpm.i, _xlfn.LET( _xlpm.curr, INDEX(_xlpm.validData, _xlpm.i), _xlpm.prev, IF(_xlpm.i=1, "Start", INDEX(_xlpm.validData, _xlpm.i-1)), _xlpm.isYield, OR(AND(ISNUMBER(_xlpm.prev), _xlpm.prev <= 1.1), ISNUMBER(SEARCH("%", _xlpm.prev & ""))), _xlpm.isNextType, ISTEXT(_xlpm.curr), IF(AND(_xlpm.isYield, _xlpm.isNextType), _xlfn.VSTACK(_xlpm.acc, " ", _xlpm.curr), _xlfn.VSTACK(_xlpm.acc, _xlpm.curr) ) ) )), _xlpm.result, _xlfn._xlws.FILTER(_xlpm.finalArray, _xlpm.finalArray <> "Start"), _xlfn.TOROW(_xlpm.result) ),"")}
A11: =IF(B11>0,A10+1,"") | C11: =IF(B11>0,C10,"") | D11: {=IFERROR(INDEX(Data_Input!$1:$100, 10, MATCH(1, (Data_Input!$F$7:$ZZ$7=$F$3) * (Data_Input!$F$8:$ZZ$8=$B11), 0)),"")} | E11: {=IFERROR(INDEX(Data_Input!$1:$100, 9, MATCH(1, (Data_Input!$7:$7=$F$3) * (Data_Input!$8:$8=$B11), 0)),"")} | F11: {=IFERROR(INDEX(Data_Input!$A$1:$ZZ$502, MATCH("예수금", INDEX(Data_Input!$A$1:$ZZ$502, 0, MATCH(1, (Data_Input!$7:$7=$F$3)*(Data_Input!$8:$8=$B11), 0)), 0) + 1, MATCH(1, (Data_Input!$7:$7=$F$3)*(Data_Input!$8:$8=$B11), 0)),"")} | G11: {=IFERROR(INDEX(Data_Input!$A$1:$ZZ$502, MATCH("총자산", INDEX(Data_Input!$A$1:$ZZ$502, 0, MATCH(1, (Data_Input!$7:$7=$F$3)*(Data_Input!$8:$8=$B11), 0)), 0) + 1, MATCH(1, (Data_Input!$7:$7=$F$3)*(Data_Input!$8:$8=$B11), 0)),"")} | H11: {=IFERROR(INDEX(Data_Input!$A$1:$ZZ$502, MATCH("매입금액", INDEX(Data_Input!$A$1:$ZZ$502, 0, MATCH(1, (Data_Input!$7:$7=$F$3)*(Data_Input!$8:$8=$B11), 0)), 0) + 1, MATCH(1, (Data_Input!$7:$7=$F$3)*(Data_Input!$8:$8=$B11), 0)),"")} | I11: {=IFERROR(INDEX(Data_Input!$A$1:$ZZ$502, MATCH("평가금액", INDEX(Data_Input!$A$1:$ZZ$502, 0, MATCH(1, (Data_Input!$7:$7=$F$3)*(Data_Input!$8:$8=$B11), 0)), 0) + 1, MATCH(1, (Data_Input!$7:$7=$F$3)*(Data_Input!$8:$8=$B11), 0)),"")} | J11: {=IFERROR(INDEX(Data_Input!$A$1:$ZZ$502, MATCH("평가손익", INDEX(Data_Input!$A$1:$ZZ$502, 0, MATCH(1, (Data_Input!$7:$7=$F$3)*(Data_Input!$8:$8=$B11), 0)), 0) + 1, MATCH(1, (Data_Input!$7:$7=$F$3)*(Data_Input!$8:$8=$B11), 0)),"")} | K11: {=IFERROR(INDEX(Data_Input!$A$1:$ZZ$502, MATCH("총수익률", INDEX(Data_Input!$A$1:$ZZ$502, 0, MATCH(1, (Data_Input!$7:$7=$F$3)*(Data_Input!$8:$8=$B11), 0)), 0) + 1, MATCH(1, (Data_Input!$7:$7=$F$3)*(Data_Input!$8:$8=$B11), 0)),"")} | L11: {=IFERROR(_xlfn.LET( _xlpm.targetDate, B11, _xlpm.colIdx, MATCH(1, (Data_Input!$7:$7=$F$3) * (Data_Input!$8:$8=_xlpm.targetDate), 0), _xlpm.allData, INDEX(Data_Input!$1:$1002, 34, _xlpm.colIdx):INDEX(Data_Input!$1:$1002, 1000, _xlpm.colIdx), _xlpm.markedData, _xlfn.MAP(_xlfn.SEQUENCE(ROWS(_xlpm.allData)), _xlfn.LAMBDA(_xlpm.r, _xlfn.LET( _xlpm.checkRange, INDEX(_xlpm.allData, MAX(1, _xlpm.r-3)):INDEX(_xlpm.allData, _xlpm.r), _xlpm.isSubtotalInBlock, OR(_xlfn.MAP(_xlpm.checkRange, _xlfn.LAMBDA(_xlpm.v, ISNUMBER(SEARCH("소계", _xlpm.v))))), IF(_xlpm.isSubtotalInBlock, "SKIP", INDEX(_xlpm.allData, _xlpm.r)) ) )), _xlpm.validData, _xlfn._xlws.FILTER(_xlpm.markedData, (_xlpm.markedData <> "SKIP") * (_xlpm.markedData <> "")), _xlpm.finalArray, _xlfn.REDUCE("Start", _xlfn.SEQUENCE(ROWS(_xlpm.validData)), _xlfn.LAMBDA(_xlpm.acc,_xlpm.i, _xlfn.LET( _xlpm.curr, INDEX(_xlpm.validData, _xlpm.i), _xlpm.prev, IF(_xlpm.i=1, "Start", INDEX(_xlpm.validData, _xlpm.i-1)), _xlpm.isYield, OR(AND(ISNUMBER(_xlpm.prev), _xlpm.prev <= 1.1), ISNUMBER(SEARCH("%", _xlpm.prev & ""))), _xlpm.isNextType, ISTEXT(_xlpm.curr), IF(AND(_xlpm.isYield, _xlpm.isNextType), _xlfn.VSTACK(_xlpm.acc, " ", _xlpm.curr), _xlfn.VSTACK(_xlpm.acc, _xlpm.curr) ) ) )), _xlpm.result, _xlfn._xlws.FILTER(_xlpm.finalArray, _xlpm.finalArray <> "Start"), _xlfn.TOROW(_xlpm.result) ),"")}
A12: =IF(B12>0,A11+1,"") | C12: =IF(B12>0,C11,"") | D12: {=IFERROR(INDEX(Data_Input!$1:$100, 10, MATCH(1, (Data_Input!$F$7:$ZZ$7=$F$3) * (Data_Input!$F$8:$ZZ$8=$B12), 0)),"")} | E12: {=IFERROR(INDEX(Data_Input!$1:$100, 9, MATCH(1, (Data_Input!$7:$7=$F$3) * (Data_Input!$8:$8=$B12), 0)),"")} | F12: {=IFERROR(INDEX(Data_Input!$A$1:$ZZ$502, MATCH("예수금", INDEX(Data_Input!$A$1:$ZZ$502, 0, MATCH(1, (Data_Input!$7:$7=$F$3)*(Data_Input!$8:$8=$B12), 0)), 0) + 1, MATCH(1, (Data_Input!$7:$7=$F$3)*(Data_Input!$8:$8=$B12), 0)),"")} | G12: {=IFERROR(INDEX(Data_Input!$A$1:$ZZ$502, MATCH("총자산", INDEX(Data_Input!$A$1:$ZZ$502, 0, MATCH(1, (Data_Input!$7:$7=$F$3)*(Data_Input!$8:$8=$B12), 0)), 0) + 1, MATCH(1, (Data_Input!$7:$7=$F$3)*(Data_Input!$8:$8=$B12), 0)),"")} | H12: {=IFERROR(INDEX(Data_Input!$A$1:$ZZ$502, MATCH("매입금액", INDEX(Data_Input!$A$1:$ZZ$502, 0, MATCH(1, (Data_Input!$7:$7=$F$3)*(Data_Input!$8:$8=$B12), 0)), 0) + 1, MATCH(1, (Data_Input!$7:$7=$F$3)*(Data_Input!$8:$8=$B12), 0)),"")} | I12: {=IFERROR(INDEX(Data_Input!$A$1:$ZZ$502, MATCH("평가금액", INDEX(Data_Input!$A$1:$ZZ$502, 0, MATCH(1, (Data_Input!$7:$7=$F$3)*(Data_Input!$8:$8=$B12), 0)), 0) + 1, MATCH(1, (Data_Input!$7:$7=$F$3)*(Data_Input!$8:$8=$B12), 0)),"")} | J12: {=IFERROR(INDEX(Data_Input!$A$1:$ZZ$502, MATCH("평가손익", INDEX(Data_Input!$A$1:$ZZ$502, 0, MATCH(1, (Data_Input!$7:$7=$F$3)*(Data_Input!$8:$8=$B12), 0)), 0) + 1, MATCH(1, (Data_Input!$7:$7=$F$3)*(Data_Input!$8:$8=$B12), 0)),"")} | K12: {=IFERROR(INDEX(Data_Input!$A$1:$ZZ$502, MATCH("총수익률", INDEX(Data_Input!$A$1:$ZZ$502, 0, MATCH(1, (Data_Input!$7:$7=$F$3)*(Data_Input!$8:$8=$B12), 0)), 0) + 1, MATCH(1, (Data_Input!$7:$7=$F$3)*(Data_Input!$8:$8=$B12), 0)),"")} | L12: {=IFERROR(_xlfn.LET( _xlpm.targetDate, B12, _xlpm.colIdx, MATCH(1, (Data_Input!$7:$7=$F$3) * (Data_Input!$8:$8=_xlpm.targetDate), 0), _xlpm.allData, INDEX(Data_Input!$1:$1002, 34, _xlpm.colIdx):INDEX(Data_Input!$1:$1002, 1000, _xlpm.colIdx), _xlpm.markedData, _xlfn.MAP(_xlfn.SEQUENCE(ROWS(_xlpm.allData)), _xlfn.LAMBDA(_xlpm.r, _xlfn.LET( _xlpm.checkRange, INDEX(_xlpm.allData, MAX(1, _xlpm.r-3)):INDEX(_xlpm.allData, _xlpm.r), _xlpm.isSubtotalInBlock, OR(_xlfn.MAP(_xlpm.checkRange, _xlfn.LAMBDA(_xlpm.v, ISNUMBER(SEARCH("소계", _xlpm.v))))), IF(_xlpm.isSubtotalInBlock, "SKIP", INDEX(_xlpm.allData, _xlpm.r)) ) )), _xlpm.validData, _xlfn._xlws.FILTER(_xlpm.markedData, (_xlpm.markedData <> "SKIP") * (_xlpm.markedData <> "")), _xlpm.finalArray, _xlfn.REDUCE("Start", _xlfn.SEQUENCE(ROWS(_xlpm.validData)), _xlfn.LAMBDA(_xlpm.acc,_xlpm.i, _xlfn.LET( _xlpm.curr, INDEX(_xlpm.validData, _xlpm.i), _xlpm.prev, IF(_xlpm.i=1, "Start", INDEX(_xlpm.validData, _xlpm.i-1)), _xlpm.isYield, OR(AND(ISNUMBER(_xlpm.prev), _xlpm.prev <= 1.1), ISNUMBER(SEARCH("%", _xlpm.prev & ""))), _xlpm.isNextType, ISTEXT(_xlpm.curr), IF(AND(_xlpm.isYield, _xlpm.isNextType), _xlfn.VSTACK(_xlpm.acc, " ", _xlpm.curr), _xlfn.VSTACK(_xlpm.acc, _xlpm.curr) ) ) )), _xlpm.result, _xlfn._xlws.FILTER(_xlpm.finalArray, _xlpm.finalArray <> "Start"), _xlfn.TOROW(_xlpm.result) ),"")}
A13: =IF(B13>0,A12+1,"") | C13: =IF(B13>0,C12,"") | D13: {=IFERROR(INDEX(Data_Input!$1:$100, 10, MATCH(1, (Data_Input!$F$7:$ZZ$7=$F$3) * (Data_Input!$F$8:$ZZ$8=$B13), 0)),"")} | E13: {=IFERROR(INDEX(Data_Input!$1:$100, 9, MATCH(1, (Data_Input!$7:$7=$F$3) * (Data_Input!$8:$8=$B13), 0)),"")} | F13: {=IFERROR(INDEX(Data_Input!$A$1:$ZZ$502, MATCH("예수금", INDEX(Data_Input!$A$1:$ZZ$502, 0, MATCH(1, (Data_Input!$7:$7=$F$3)*(Data_Input!$8:$8=$B13), 0)), 0) + 1, MATCH(1, (Data_Input!$7:$7=$F$3)*(Data_Input!$8:$8=$B13), 0)),"")} | G13: {=IFERROR(INDEX(Data_Input!$A$1:$ZZ$502, MATCH("총자산", INDEX(Data_Input!$A$1:$ZZ$502, 0, MATCH(1, (Data_Input!$7:$7=$F$3)*(Data_Input!$8:$8=$B13), 0)), 0) + 1, MATCH(1, (Data_Input!$7:$7=$F$3)*(Data_Input!$8:$8=$B13), 0)),"")} | H13: {=IFERROR(INDEX(Data_Input!$A$1:$ZZ$502, MATCH("매입금액", INDEX(Data_Input!$A$1:$ZZ$502, 0, MATCH(1, (Data_Input!$7:$7=$F$3)*(Data_Input!$8:$8=$B13), 0)), 0) + 1, MATCH(1, (Data_Input!$7:$7=$F$3)*(Data_Input!$8:$8=$B13), 0)),"")} | I13: {=IFERROR(INDEX(Data_Input!$A$1:$ZZ$502, MATCH("평가금액", INDEX(Data_Input!$A$1:$ZZ$502, 0, MATCH(1, (Data_Input!$7:$7=$F$3)*(Data_Input!$8:$8=$B13), 0)), 0) + 1, MATCH(1, (Data_Input!$7:$7=$F$3)*(Data_Input!$8:$8=$B13), 0)),"")} | J13: {=IFERROR(INDEX(Data_Input!$A$1:$ZZ$502, MATCH("평가손익", INDEX(Data_Input!$A$1:$ZZ$502, 0, MATCH(1, (Data_Input!$7:$7=$F$3)*(Data_Input!$8:$8=$B13), 0)), 0) + 1, MATCH(1, (Data_Input!$7:$7=$F$3)*(Data_Input!$8:$8=$B13), 0)),"")} | K13: {=IFERROR(INDEX(Data_Input!$A$1:$ZZ$502, MATCH("총수익률", INDEX(Data_Input!$A$1:$ZZ$502, 0, MATCH(1, (Data_Input!$7:$7=$F$3)*(Data_Input!$8:$8=$B13), 0)), 0) + 1, MATCH(1, (Data_Input!$7:$7=$F$3)*(Data_Input!$8:$8=$B13), 0)),"")} | L13: {=IFERROR(_xlfn.LET( _xlpm.targetDate, B13, _xlpm.colIdx, MATCH(1, (Data_Input!$7:$7=$F$3) * (Data_Input!$8:$8=_xlpm.targetDate), 0), _xlpm.allData, INDEX(Data_Input!$1:$1002, 34, _xlpm.colIdx):INDEX(Data_Input!$1:$1002, 1000, _xlpm.colIdx), _xlpm.markedData, _xlfn.MAP(_xlfn.SEQUENCE(ROWS(_xlpm.allData)), _xlfn.LAMBDA(_xlpm.r, _xlfn.LET( _xlpm.checkRange, INDEX(_xlpm.allData, MAX(1, _xlpm.r-3)):INDEX(_xlpm.allData, _xlpm.r), _xlpm.isSubtotalInBlock, OR(_xlfn.MAP(_xlpm.checkRange, _xlfn.LAMBDA(_xlpm.v, ISNUMBER(SEARCH("소계", _xlpm.v))))), IF(_xlpm.isSubtotalInBlock, "SKIP", INDEX(_xlpm.allData, _xlpm.r)) ) )), _xlpm.validData, _xlfn._xlws.FILTER(_xlpm.markedData, (_xlpm.markedData <> "SKIP") * (_xlpm.markedData <> "")), _xlpm.finalArray, _xlfn.REDUCE("Start", _xlfn.SEQUENCE(ROWS(_xlpm.validData)), _xlfn.LAMBDA(_xlpm.acc,_xlpm.i, _xlfn.LET( _xlpm.curr, INDEX(_xlpm.validData, _xlpm.i), _xlpm.prev, IF(_xlpm.i=1, "Start", INDEX(_xlpm.validData, _xlpm.i-1)), _xlpm.isYield, OR(AND(ISNUMBER(_xlpm.prev), _xlpm.prev <= 1.1), ISNUMBER(SEARCH("%", _xlpm.prev & ""))), _xlpm.isNextType, ISTEXT(_xlpm.curr), IF(AND(_xlpm.isYield, _xlpm.isNextType), _xlfn.VSTACK(_xlpm.acc, " ", _xlpm.curr), _xlfn.VSTACK(_xlpm.acc, _xlpm.curr) ) ) )), _xlpm.result, _xlfn._xlws.FILTER(_xlpm.finalArray, _xlpm.finalArray <> "Start"), _xlfn.TOROW(_xlpm.result) ),"")}
A14: =IF(B14>0,A13+1,"") | C14: =IF(B14>0,C13,"") | D14: {=IFERROR(INDEX(Data_Input!$1:$100, 10, MATCH(1, (Data_Input!$F$7:$ZZ$7=$F$3) * (Data_Input!$F$8:$ZZ$8=$B14), 0)),"")} | E14: {=IFERROR(INDEX(Data_Input!$1:$100, 9, MATCH(1, (Data_Input!$7:$7=$F$3) * (Data_Input!$8:$8=$B14), 0)),"")} | F14: {=IFERROR(INDEX(Data_Input!$A$1:$ZZ$502, MATCH("예수금", INDEX(Data_Input!$A$1:$ZZ$502, 0, MATCH(1, (Data_Input!$7:$7=$F$3)*(Data_Input!$8:$8=$B14), 0)), 0) + 1, MATCH(1, (Data_Input!$7:$7=$F$3)*(Data_Input!$8:$8=$B14), 0)),"")} | G14: {=IFERROR(INDEX(Data_Input!$A$1:$ZZ$502, MATCH("총자산", INDEX(Data_Input!$A$1:$ZZ$502, 0, MATCH(1, (Data_Input!$7:$7=$F$3)*(Data_Input!$8:$8=$B14), 0)), 0) + 1, MATCH(1, (Data_Input!$7:$7=$F$3)*(Data_Input!$8:$8=$B14), 0)),"")} | H14: {=IFERROR(INDEX(Data_Input!$A$1:$ZZ$502, MATCH("매입금액", INDEX(Data_Input!$A$1:$ZZ$502, 0, MATCH(1, (Data_Input!$7:$7=$F$3)*(Data_Input!$8:$8=$B14), 0)), 0) + 1, MATCH(1, (Data_Input!$7:$7=$F$3)*(Data_Input!$8:$8=$B14), 0)),"")} | I14: {=IFERROR(INDEX(Data_Input!$A$1:$ZZ$502, MATCH("평가금액", INDEX(Data_Input!$A$1:$ZZ$502, 0, MATCH(1, (Data_Input!$7:$7=$F$3)*(Data_Input!$8:$8=$B14), 0)), 0) + 1, MATCH(1, (Data_Input!$7:$7=$F$3)*(Data_Input!$8:$8=$B14), 0)),"")} | J14: {=IFERROR(INDEX(Data_Input!$A$1:$ZZ$502, MATCH("평가손익", INDEX(Data_Input!$A$1:$ZZ$502, 0, MATCH(1, (Data_Input!$7:$7=$F$3)*(Data_Input!$8:$8=$B14), 0)), 0) + 1, MATCH(1, (Data_Input!$7:$7=$F$3)*(Data_Input!$8:$8=$B14), 0)),"")} | K14: {=IFERROR(INDEX(Data_Input!$A$1:$ZZ$502, MATCH("총수익률", INDEX(Data_Input!$A$1:$ZZ$502, 0, MATCH(1, (Data_Input!$7:$7=$F$3)*(Data_Input!$8:$8=$B14), 0)), 0) + 1, MATCH(1, (Data_Input!$7:$7=$F$3)*(Data_Input!$8:$8=$B14), 0)),"")} | L14: {=IFERROR(_xlfn.LET( _xlpm.targetDate, B14, _xlpm.colIdx, MATCH(1, (Data_Input!$7:$7=$F$3) * (Data_Input!$8:$8=_xlpm.targetDate), 0), _xlpm.allData, INDEX(Data_Input!$1:$1002, 34, _xlpm.colIdx):INDEX(Data_Input!$1:$1002, 1000, _xlpm.colIdx), _xlpm.markedData, _xlfn.MAP(_xlfn.SEQUENCE(ROWS(_xlpm.allData)), _xlfn.LAMBDA(_xlpm.r, _xlfn.LET( _xlpm.checkRange, INDEX(_xlpm.allData, MAX(1, _xlpm.r-3)):INDEX(_xlpm.allData, _xlpm.r), _xlpm.isSubtotalInBlock, OR(_xlfn.MAP(_xlpm.checkRange, _xlfn.LAMBDA(_xlpm.v, ISNUMBER(SEARCH("소계", _xlpm.v))))), IF(_xlpm.isSubtotalInBlock, "SKIP", INDEX(_xlpm.allData, _xlpm.r)) ) )), _xlpm.validData, _xlfn._xlws.FILTER(_xlpm.markedData, (_xlpm.markedData <> "SKIP") * (_xlpm.markedData <> "")), _xlpm.finalArray, _xlfn.REDUCE("Start", _xlfn.SEQUENCE(ROWS(_xlpm.validData)), _xlfn.LAMBDA(_xlpm.acc,_xlpm.i, _xlfn.LET( _xlpm.curr, INDEX(_xlpm.validData, _xlpm.i), _xlpm.prev, IF(_xlpm.i=1, "Start", INDEX(_xlpm.validData, _xlpm.i-1)), _xlpm.isYield, OR(AND(ISNUMBER(_xlpm.prev), _xlpm.prev <= 1.1), ISNUMBER(SEARCH("%", _xlpm.prev & ""))), _xlpm.isNextType, ISTEXT(_xlpm.curr), IF(AND(_xlpm.isYield, _xlpm.isNextType), _xlfn.VSTACK(_xlpm.acc, " ", _xlpm.curr), _xlfn.VSTACK(_xlpm.acc, _xlpm.curr) ) ) )), _xlpm.result, _xlfn._xlws.FILTER(_xlpm.finalArray, _xlpm.finalArray <> "Start"), _xlfn.TOROW(_xlpm.result) ),"")}
A15: =IF(B15>0,A14+1,"") | C15: =IF(B15>0,C14,"") | D15: {=IFERROR(INDEX(Data_Input!$1:$100, 10, MATCH(1, (Data_Input!$F$7:$ZZ$7=$F$3) * (Data_Input!$F$8:$ZZ$8=$B15), 0)),"")} | E15: {=IFERROR(INDEX(Data_Input!$1:$100, 9, MATCH(1, (Data_Input!$7:$7=$F$3) * (Data_Input!$8:$8=$B15), 0)),"")} | F15: {=IFERROR(INDEX(Data_Input!$A$1:$ZZ$502, MATCH("예수금", INDEX(Data_Input!$A$1:$ZZ$502, 0, MATCH(1, (Data_Input!$7:$7=$F$3)*(Data_Input!$8:$8=$B15), 0)), 0) + 1, MATCH(1, (Data_Input!$7:$7=$F$3)*(Data_Input!$8:$8=$B15), 0)),"")} | G15: {=IFERROR(INDEX(Data_Input!$A$1:$ZZ$502, MATCH("총자산", INDEX(Data_Input!$A$1:$ZZ$502, 0, MATCH(1, (Data_Input!$7:$7=$F$3)*(Data_Input!$8:$8=$B15), 0)), 0) + 1, MATCH(1, (Data_Input!$7:$7=$F$3)*(Data_Input!$8:$8=$B15), 0)),"")} | H15: {=IFERROR(INDEX(Data_Input!$A$1:$ZZ$502, MATCH("매입금액", INDEX(Data_Input!$A$1:$ZZ$502, 0, MATCH(1, (Data_Input!$7:$7=$F$3)*(Data_Input!$8:$8=$B15), 0)), 0) + 1, MATCH(1, (Data_Input!$7:$7=$F$3)*(Data_Input!$8:$8=$B15), 0)),"")} | I15: {=IFERROR(INDEX(Data_Input!$A$1:$ZZ$502, MATCH("평가금액", INDEX(Data_Input!$A$1:$ZZ$502, 0, MATCH(1, (Data_Input!$7:$7=$F$3)*(Data_Input!$8:$8=$B15), 0)), 0) + 1, MATCH(1, (Data_Input!$7:$7=$F$3)*(Data_Input!$8:$8=$B15), 0)),"")} | J15: {=IFERROR(INDEX(Data_Input!$A$1:$ZZ$502, MATCH("평가손익", INDEX(Data_Input!$A$1:$ZZ$502, 0, MATCH(1, (Data_Input!$7:$7=$F$3)*(Data_Input!$8:$8=$B15), 0)), 0) + 1, MATCH(1, (Data_Input!$7:$7=$F$3)*(Data_Input!$8:$8=$B15), 0)),"")} | K15: {=IFERROR(INDEX(Data_Input!$A$1:$ZZ$502, MATCH("총수익률", INDEX(Data_Input!$A$1:$ZZ$502, 0, MATCH(1, (Data_Input!$7:$7=$F$3)*(Data_Input!$8:$8=$B15), 0)), 0) + 1, MATCH(1, (Data_Input!$7:$7=$F$3)*(Data_Input!$8:$8=$B15), 0)),"")} | L15: {=IFERROR(_xlfn.LET( _xlpm.targetDate, B15, _xlpm.colIdx, MATCH(1, (Data_Input!$7:$7=$F$3) * (Data_Input!$8:$8=_xlpm.targetDate), 0), _xlpm.allData, INDEX(Data_Input!$1:$1002, 34, _xlpm.colIdx):INDEX(Data_Input!$1:$1002, 1000, _xlpm.colIdx), _xlpm.markedData, _xlfn.MAP(_xlfn.SEQUENCE(ROWS(_xlpm.allData)), _xlfn.LAMBDA(_xlpm.r, _xlfn.LET( _xlpm.checkRange, INDEX(_xlpm.allData, MAX(1, _xlpm.r-3)):INDEX(_xlpm.allData, _xlpm.r), _xlpm.isSubtotalInBlock, OR(_xlfn.MAP(_xlpm.checkRange, _xlfn.LAMBDA(_xlpm.v, ISNUMBER(SEARCH("소계", _xlpm.v))))), IF(_xlpm.isSubtotalInBlock, "SKIP", INDEX(_xlpm.allData, _xlpm.r)) ) )), _xlpm.validData, _xlfn._xlws.FILTER(_xlpm.markedData, (_xlpm.markedData <> "SKIP") * (_xlpm.markedData <> "")), _xlpm.finalArray, _xlfn.REDUCE("Start", _xlfn.SEQUENCE(ROWS(_xlpm.validData)), _xlfn.LAMBDA(_xlpm.acc,_xlpm.i, _xlfn.LET( _xlpm.curr, INDEX(_xlpm.validData, _xlpm.i), _xlpm.prev, IF(_xlpm.i=1, "Start", INDEX(_xlpm.validData, _xlpm.i-1)), _xlpm.isYield, OR(AND(ISNUMBER(_xlpm.prev), _xlpm.prev <= 1.1), ISNUMBER(SEARCH("%", _xlpm.prev & ""))), _xlpm.isNextType, ISTEXT(_xlpm.curr), IF(AND(_xlpm.isYield, _xlpm.isNextType), _xlfn.VSTACK(_xlpm.acc, " ", _xlpm.curr), _xlfn.VSTACK(_xlpm.acc, _xlpm.curr) ) ) )), _xlpm.result, _xlfn._xlws.FILTER(_xlpm.finalArray, _xlpm.finalArray <> "Start"), _xlfn.TOROW(_xlpm.result) ),"")}
A16: =IF(B16>0,A15+1,"") | C16: =IF(B16>0,C15,"") | D16: {=IFERROR(INDEX(Data_Input!$1:$100, 10, MATCH(1, (Data_Input!$F$7:$ZZ$7=$F$3) * (Data_Input!$F$8:$ZZ$8=$B16), 0)),"")} | E16: {=IFERROR(INDEX(Data_Input!$1:$100, 9, MATCH(1, (Data_Input!$7:$7=$F$3) * (Data_Input!$8:$8=$B16), 0)),"")} | F16: {=IFERROR(INDEX(Data_Input!$A$1:$ZZ$502, MATCH("예수금", INDEX(Data_Input!$A$1:$ZZ$502, 0, MATCH(1, (Data_Input!$7:$7=$F$3)*(Data_Input!$8:$8=$B16), 0)), 0) + 1, MATCH(1, (Data_Input!$7:$7=$F$3)*(Data_Input!$8:$8=$B16), 0)),"")} | G16: {=IFERROR(INDEX(Data_Input!$A$1:$ZZ$502, MATCH("총자산", INDEX(Data_Input!$A$1:$ZZ$502, 0, MATCH(1, (Data_Input!$7:$7=$F$3)*(Data_Input!$8:$8=$B16), 0)), 0) + 1, MATCH(1, (Data_Input!$7:$7=$F$3)*(Data_Input!$8:$8=$B16), 0)),"")} | H16: {=IFERROR(INDEX(Data_Input!$A$1:$ZZ$502, MATCH("매입금액", INDEX(Data_Input!$A$1:$ZZ$502, 0, MATCH(1, (Data_Input!$7:$7=$F$3)*(Data_Input!$8:$8=$B16), 0)), 0) + 1, MATCH(1, (Data_Input!$7:$7=$F$3)*(Data_Input!$8:$8=$B16), 0)),"")} | I16: {=IFERROR(INDEX(Data_Input!$A$1:$ZZ$502, MATCH("평가금액", INDEX(Data_Input!$A$1:$ZZ$502, 0, MATCH(1, (Data_Input!$7:$7=$F$3)*(Data_Input!$8:$8=$B16), 0)), 0) + 1, MATCH(1, (Data_Input!$7:$7=$F$3)*(Data_Input!$8:$8=$B16), 0)),"")} | J16: {=IFERROR(INDEX(Data_Input!$A$1:$ZZ$502, MATCH("평가손익", INDEX(Data_Input!$A$1:$ZZ$502, 0, MATCH(1, (Data_Input!$7:$7=$F$3)*(Data_Input!$8:$8=$B16), 0)), 0) + 1, MATCH(1, (Data_Input!$7:$7=$F$3)*(Data_Input!$8:$8=$B16), 0)),"")} | K16: {=IFERROR(INDEX(Data_Input!$A$1:$ZZ$502, MATCH("총수익률", INDEX(Data_Input!$A$1:$ZZ$502, 0, MATCH(1, (Data_Input!$7:$7=$F$3)*(Data_Input!$8:$8=$B16), 0)), 0) + 1, MATCH(1, (Data_Input!$7:$7=$F$3)*(Data_Input!$8:$8=$B16), 0)),"")} | L16: {=IFERROR(_xlfn.LET( _xlpm.targetDate, B16, _xlpm.colIdx, MATCH(1, (Data_Input!$7:$7=$F$3) * (Data_Input!$8:$8=_xlpm.targetDate), 0), _xlpm.allData, INDEX(Data_Input!$1:$1002, 34, _xlpm.colIdx):INDEX(Data_Input!$1:$1002, 1000, _xlpm.colIdx), _xlpm.markedData, _xlfn.MAP(_xlfn.SEQUENCE(ROWS(_xlpm.allData)), _xlfn.LAMBDA(_xlpm.r, _xlfn.LET( _xlpm.checkRange, INDEX(_xlpm.allData, MAX(1, _xlpm.r-3)):INDEX(_xlpm.allData, _xlpm.r), _xlpm.isSubtotalInBlock, OR(_xlfn.MAP(_xlpm.checkRange, _xlfn.LAMBDA(_xlpm.v, ISNUMBER(SEARCH("소계", _xlpm.v))))), IF(_xlpm.isSubtotalInBlock, "SKIP", INDEX(_xlpm.allData, _xlpm.r)) ) )), _xlpm.validData, _xlfn._xlws.FILTER(_xlpm.markedData, (_xlpm.markedData <> "SKIP") * (_xlpm.markedData <> "")), _xlpm.finalArray, _xlfn.REDUCE("Start", _xlfn.SEQUENCE(ROWS(_xlpm.validData)), _xlfn.LAMBDA(_xlpm.acc,_xlpm.i, _xlfn.LET( _xlpm.curr, INDEX(_xlpm.validData, _xlpm.i), _xlpm.prev, IF(_xlpm.i=1, "Start", INDEX(_xlpm.validData, _xlpm.i-1)), _xlpm.isYield, OR(AND(ISNUMBER(_xlpm.prev), _xlpm.prev <= 1.1), ISNUMBER(SEARCH("%", _xlpm.prev & ""))), _xlpm.isNextType, ISTEXT(_xlpm.curr), IF(AND(_xlpm.isYield, _xlpm.isNextType), _xlfn.VSTACK(_xlpm.acc, " ", _xlpm.curr), _xlfn.VSTACK(_xlpm.acc, _xlpm.curr) ) ) )), _xlpm.result, _xlfn._xlws.FILTER(_xlpm.finalArray, _xlpm.finalArray <> "Start"), _xlfn.TOROW(_xlpm.result) ),"")}
A17: =IF(B17>0,A16+1,"") | C17: =IF(B17>0,C16,"") | D17: {=IFERROR(INDEX(Data_Input!$1:$100, 10, MATCH(1, (Data_Input!$F$7:$ZZ$7=$F$3) * (Data_Input!$F$8:$ZZ$8=$B17), 0)),"")} | E17: {=IFERROR(INDEX(Data_Input!$1:$100, 9, MATCH(1, (Data_Input!$7:$7=$F$3) * (Data_Input!$8:$8=$B17), 0)),"")} | F17: {=IFERROR(INDEX(Data_Input!$A$1:$ZZ$502, MATCH("예수금", INDEX(Data_Input!$A$1:$ZZ$502, 0, MATCH(1, (Data_Input!$7:$7=$F$3)*(Data_Input!$8:$8=$B17), 0)), 0) + 1, MATCH(1, (Data_Input!$7:$7=$F$3)*(Data_Input!$8:$8=$B17), 0)),"")} | G17: {=IFERROR(INDEX(Data_Input!$A$1:$ZZ$502, MATCH("총자산", INDEX(Data_Input!$A$1:$ZZ$502, 0, MATCH(1, (Data_Input!$7:$7=$F$3)*(Data_Input!$8:$8=$B17), 0)), 0) + 1, MATCH(1, (Data_Input!$7:$7=$F$3)*(Data_Input!$8:$8=$B17), 0)),"")} | H17: {=IFERROR(INDEX(Data_Input!$A$1:$ZZ$502, MATCH("매입금액", INDEX(Data_Input!$A$1:$ZZ$502, 0, MATCH(1, (Data_Input!$7:$7=$F$3)*(Data_Input!$8:$8=$B17), 0)), 0) + 1, MATCH(1, (Data_Input!$7:$7=$F$3)*(Data_Input!$8:$8=$B17), 0)),"")} | I17: {=IFERROR(INDEX(Data_Input!$A$1:$ZZ$502, MATCH("평가금액", INDEX(Data_Input!$A$1:$ZZ$502, 0, MATCH(1, (Data_Input!$7:$7=$F$3)*(Data_Input!$8:$8=$B17), 0)), 0) + 1, MATCH(1, (Data_Input!$7:$7=$F$3)*(Data_Input!$8:$8=$B17), 0)),"")} | J17: {=IFERROR(INDEX(Data_Input!$A$1:$ZZ$502, MATCH("평가손익", INDEX(Data_Input!$A$1:$ZZ$502, 0, MATCH(1, (Data_Input!$7:$7=$F$3)*(Data_Input!$8:$8=$B17), 0)), 0) + 1, MATCH(1, (Data_Input!$7:$7=$F$3)*(Data_Input!$8:$8=$B17), 0)),"")} | K17: {=IFERROR(INDEX(Data_Input!$A$1:$ZZ$502, MATCH("총수익률", INDEX(Data_Input!$A$1:$ZZ$502, 0, MATCH(1, (Data_Input!$7:$7=$F$3)*(Data_Input!$8:$8=$B17), 0)), 0) + 1, MATCH(1, (Data_Input!$7:$7=$F$3)*(Data_Input!$8:$8=$B17), 0)),"")} | L17: {=IFERROR(_xlfn.LET( _xlpm.targetDate, B17, _xlpm.colIdx, MATCH(1, (Data_Input!$7:$7=$F$3) * (Data_Input!$8:$8=_xlpm.targetDate), 0), _xlpm.allData, INDEX(Data_Input!$1:$1002, 34, _xlpm.colIdx):INDEX(Data_Input!$1:$1002, 1000, _xlpm.colIdx), _xlpm.markedData, _xlfn.MAP(_xlfn.SEQUENCE(ROWS(_xlpm.allData)), _xlfn.LAMBDA(_xlpm.r, _xlfn.LET( _xlpm.checkRange, INDEX(_xlpm.allData, MAX(1, _xlpm.r-3)):INDEX(_xlpm.allData, _xlpm.r), _xlpm.isSubtotalInBlock, OR(_xlfn.MAP(_xlpm.checkRange, _xlfn.LAMBDA(_xlpm.v, ISNUMBER(SEARCH("소계", _xlpm.v))))), IF(_xlpm.isSubtotalInBlock, "SKIP", INDEX(_xlpm.allData, _xlpm.r)) ) )), _xlpm.validData, _xlfn._xlws.FILTER(_xlpm.markedData, (_xlpm.markedData <> "SKIP") * (_xlpm.markedData <> "")), _xlpm.finalArray, _xlfn.REDUCE("Start", _xlfn.SEQUENCE(ROWS(_xlpm.validData)), _xlfn.LAMBDA(_xlpm.acc,_xlpm.i, _xlfn.LET( _xlpm.curr, INDEX(_xlpm.validData, _xlpm.i), _xlpm.prev, IF(_xlpm.i=1, "Start", INDEX(_xlpm.validData, _xlpm.i-1)), _xlpm.isYield, OR(AND(ISNUMBER(_xlpm.prev), _xlpm.prev <= 1.1), ISNUMBER(SEARCH("%", _xlpm.prev & ""))), _xlpm.isNextType, ISTEXT(_xlpm.curr), IF(AND(_xlpm.isYield, _xlpm.isNextType), _xlfn.VSTACK(_xlpm.acc, " ", _xlpm.curr), _xlfn.VSTACK(_xlpm.acc, _xlpm.curr) ) ) )), _xlpm.result, _xlfn._xlws.FILTER(_xlpm.finalArray, _xlpm.finalArray <> "Start"), _xlfn.TOROW(_xlpm.result) ),"")}
